;battCharge;battDischarge;batteryCapacity;dateTime;id;loadCons;loadGrid;loadProd;newGrid;prices;prodUsage
0;0.0;0.0;13.5;2014-01-01 00:00:00;1;0.211483333333333;0.211483333333333;0.0;0.211483333333333;0.00493;0.0
1;0.0;0.0;13.5;2014-01-01 01:00:00;2;0.278033333333333;0.278033333333333;0.0;0.278033333333333;0.00493;0.0
2;0.0;0.0;13.5;2014-01-01 02:00:00;3;0.34985;0.34985;0.0;0.34985;0.00493;0.0
3;0.0;0.0;13.5;2014-01-01 03:00:00;4;0.348516666666667;0.348516666666667;0.0;0.348516666666667;0.00493;0.0
4;0.0;0.0;13.5;2014-01-01 04:00:00;5;0.350966666666667;0.350966666666667;0.0;0.350966666666667;0.00493;0.0
5;0.0;0.0;13.5;2014-01-01 05:00:00;6;0.32765;0.32765;0.0;0.32765;0.00493;0.0
6;0.0;0.0;13.5;2014-01-01 06:00:00;7;0.633266666666667;0.633266666666667;0.0;0.633266666666667;0.00493;0.0
7;0.0;0.00321666666666667;13.5;2014-01-01 07:00:00;8;0.62965;0.620266666666667;0.00321666666666667;0.6264333333333334;0.0504;0.00321666666666667
8;0.108383333333334;0.356183333333333;13.5;2014-01-01 08:00:00;9;0.356183333333333;-0.1084;0.464566666666667;0.0;0.0504;0.464566666666667
9;0.799616666666668;0.259683333333333;13.5;2014-01-01 09:00:00;10;0.259683333333333;-0.691183333333333;0.950916666666667;0.0;0.0504;0.950916666666667
10;1.810216666666671;0.500016666666667;13.5;2014-01-01 10:00:00;11;0.500016666666667;-1.01063333333333;1.51061666666667;0.0;0.0504;1.51061666666667
11;2.637083333333341;0.49705;13.5;2014-01-01 11:00:00;12;0.49705;-0.826933333333333;1.32391666666667;0.0;0.0504;1.32391666666667
12;3.396250000000011;0.3587;13.5;2014-01-01 12:00:00;13;0.3587;-0.759116666666667;1.11786666666667;0.0;0.0504;1.11786666666667
13;4.334716666666674;0.699866666666667;13.5;2014-01-01 13:00:00;14;0.699866666666667;-0.938533333333333;1.63833333333333;0.0;0.0504;1.63833333333333
14;5.5994166666666745;0.34955;13.5;2014-01-01 14:00:00;15;0.34955;-1.26461666666667;1.61425;0.0;0.0504;1.61425
15;5.758600000000009;0.428783333333333;13.5;2014-01-01 15:00:00;16;0.428783333333333;-0.159283333333333;0.587966666666667;0.0;0.0504;0.587966666666667
16;5.667866666666676;0.465083333333333;13.5;2014-01-01 16:00:00;17;0.465083333333333;0.0907;0.37435;0.0;0.0504;0.37435
17;5.112450000000009;0.698766666666667;13.5;2014-01-01 17:00:00;18;0.698766666666667;0.5473;0.14335;0.0;0.0504;0.14335
18;4.5238000000000085;0.58865;13.5;2014-01-01 18:00:00;19;0.58865;0.58865;0.0;0.0;0.0504;0.0
19;4.076683333333341;0.447116666666667;13.5;2014-01-01 19:00:00;20;0.447116666666667;0.447116666666667;0.0;0.0;0.0504;0.0
20;3.5022333333333413;0.57445;13.5;2014-01-01 20:00:00;21;0.57445;0.57445;0.0;0.0;0.0504;0.0
21;3.0302666666666744;0.471966666666667;13.5;2014-01-01 21:00:00;22;0.471966666666667;0.471966666666667;0.0;0.0;0.0504;0.0
22;2.5862166666666746;0.44405;13.5;2014-01-01 22:00:00;23;0.44405;0.44405;0.0;0.0;0.0504;0.0
23;2.0495833333333415;0.536633333333333;13.5;2014-01-01 23:00:00;24;0.536633333333333;0.536633333333333;0.0;0.0;0.00493;0.0
24;1.7983500000000086;0.251233333333333;13.5;2014-01-02 00:00:00;25;0.251233333333333;0.251233333333333;0.0;0.0;0.00493;0.0
25;1.5636000000000085;0.23475;13.5;2014-01-02 01:00:00;26;0.23475;0.23475;0.0;0.0;0.00493;0.0
26;1.3305833333333414;0.233016666666667;13.5;2014-01-02 02:00:00;27;0.233016666666667;0.233016666666667;0.0;0.0;0.00493;0.0
27;1.0863500000000084;0.244233333333333;13.5;2014-01-02 03:00:00;28;0.244233333333333;0.244233333333333;0.0;0.0;0.00493;0.0
28;0.8327333333333413;0.253616666666667;13.5;2014-01-02 04:00:00;29;0.253616666666667;0.253616666666667;0.0;0.0;0.00493;0.0
29;0.4447000000000083;0.388033333333333;13.5;2014-01-02 05:00:00;30;0.388033333333333;0.388033333333333;0.0;0.0;0.00493;0.0
30;0.0;0.4447000000000083;13.5;2014-01-02 06:00:00;31;0.728216666666667;0.728216666666667;0.0;0.28351666666665865;0.00493;0.0
31;0.0;0.00971666666666667;13.5;2014-01-02 07:00:00;32;0.335883333333333;0.321483333333333;0.00971666666666667;0.3261666666666663;0.0504;0.00971666666666667
32;0.11466666666666697;0.2404;13.5;2014-01-02 08:00:00;33;0.2404;-0.1145;0.355066666666667;0.0;0.0504;0.355066666666667
33;0.8594666666666669;0.237933333333333;13.5;2014-01-02 09:00:00;34;0.237933333333333;-0.74475;0.982733333333333;0.0;0.0504;0.982733333333333
34;2.289550000000004;0.211433333333333;13.5;2014-01-02 10:00:00;35;0.211433333333333;-1.43013333333333;1.64151666666667;0.0;0.0504;1.64151666666667
35;4.230333333333334;0.2419;13.5;2014-01-02 11:00:00;36;0.2419;-1.9408;2.18268333333333;0.0;0.0504;2.18268333333333
36;6.468250000000005;0.2616;13.5;2014-01-02 12:00:00;37;0.2616;-2.23783333333333;2.49951666666667;0.0;0.0504;2.49951666666667
37;8.694816666666668;0.243366666666667;13.5;2014-01-02 13:00:00;38;0.243366666666667;-2.22648333333333;2.46993333333333;0.0;0.0504;2.46993333333333
38;10.593316666666672;0.212166666666667;13.5;2014-01-02 14:00:00;39;0.212166666666667;-1.89848333333333;2.11066666666667;0.0;0.0504;2.11066666666667
39;12.115916666666672;0.2333;13.5;2014-01-02 15:00:00;40;0.2333;-1.52275;1.7559;0.0;0.0504;1.7559
40;13.083016666666676;0.255466666666667;13.5;2014-01-02 16:00:00;41;0.255466666666667;-0.967166666666667;1.22256666666667;0.0;0.0504;1.22256666666667
41;13.13120000000001;0.218333333333333;13.5;2014-01-02 17:00:00;42;0.218333333333333;-0.0515666666666667;0.266516666666667;0.0;0.0504;0.266516666666667
42;12.932533333333343;0.198666666666667;13.5;2014-01-02 18:00:00;43;0.198666666666667;0.198666666666667;0.0;0.0;0.0504;0.0
43;12.408550000000009;0.523983333333333;13.5;2014-01-02 19:00:00;44;0.523983333333333;0.523983333333333;0.0;0.0;0.0504;0.0
44;11.384083333333338;1.02446666666667;13.5;2014-01-02 20:00:00;45;1.02446666666667;1.02446666666667;0.0;0.0;0.0504;0.0
45;10.74466666666667;0.639416666666667;13.5;2014-01-02 21:00:00;46;0.639416666666667;0.639416666666667;0.0;0.0;0.0504;0.0
46;9.925533333333338;0.819133333333333;13.5;2014-01-02 22:00:00;47;0.819133333333333;0.819133333333333;0.0;0.0;0.0504;0.0
47;9.669850000000004;0.255683333333333;13.5;2014-01-02 23:00:00;48;0.255683333333333;0.255683333333333;0.0;0.0;0.00493;0.0
48;9.457350000000003;0.2125;13.5;2014-01-03 00:00:00;49;0.2125;0.2125;0.0;0.0;0.00493;0.0
49;9.126683333333336;0.330666666666667;13.5;2014-01-03 01:00:00;50;0.330666666666667;0.330666666666667;0.0;0.0;0.00493;0.0
50;8.780400000000004;0.346283333333333;13.5;2014-01-03 02:00:00;51;0.346283333333333;0.346283333333333;0.0;0.0;0.00493;0.0
51;8.42006666666667;0.360333333333333;13.5;2014-01-03 03:00:00;52;0.360333333333333;0.360333333333333;0.0;0.0;0.00493;0.0
52;8.072266666666671;0.3478;13.5;2014-01-03 04:00:00;53;0.3478;0.3478;0.0;0.0;0.00493;0.0
53;7.723350000000004;0.348916666666667;13.5;2014-01-03 05:00:00;54;0.348916666666667;0.348916666666667;0.0;0.0;0.00493;0.0
54;6.994633333333337;0.728716666666667;13.5;2014-01-03 06:00:00;55;0.728716666666667;0.728716666666667;0.0;0.0;0.00493;0.0
55;6.474600000000004;0.52525;13.5;2014-01-03 07:00:00;56;0.52525;0.514733333333333;0.00521666666666667;0.0;0.0504;0.00521666666666667
56;6.760700000000004;0.239983333333333;13.5;2014-01-03 08:00:00;57;0.239983333333333;-0.28615;0.526083333333333;0.0;0.0504;0.526083333333333
57;7.552266666666672;0.247733333333333;13.5;2014-01-03 09:00:00;58;0.247733333333333;-0.7915;1.0393;0.0;0.0504;1.0393
58;8.943783333333343;0.232;13.5;2014-01-03 10:00:00;59;0.232;-1.3914;1.62351666666667;0.0;0.0504;1.62351666666667
59;10.914400000000013;0.2178;13.5;2014-01-03 11:00:00;60;0.2178;-1.97068333333333;2.18841666666667;0.0;0.0504;2.18841666666667
60;13.075566666666676;0.373116666666667;13.5;2014-01-03 12:00:00;61;0.373116666666667;-2.16116666666667;2.53428333333333;0.0;0.0504;2.53428333333333
61;13.202366666666666;0.297633333333333;13.5;2014-01-03 13:00:00;62;0.297633333333333;-2.37076666666667;2.66836666666667;0.0;0.0504;0.4244333333333241
62;13.253433333333334;0.246566666666667;13.5;2014-01-03 14:00:00;63;0.246566666666667;-2.29008333333333;2.53665;0.0;0.0504;0.29763333333333364
63;13.272966666666667;0.227033333333333;13.5;2014-01-03 15:00:00;64;0.227033333333333;-1.91521666666667;2.14213333333333;0.0;0.0504;0.24656666666666638
64;13.272816666666667;0.227183333333333;13.5;2014-01-03 16:00:00;65;0.227183333333333;-1.2015;1.42875;0.0;0.0504;0.22703333333333298
65;13.271516666666667;0.228483333333333;13.5;2014-01-03 17:00:00;66;0.228483333333333;-0.0675666666666667;0.289783333333333;0.0;0.0504;0.22718333333333263
66;13.0438;0.227716666666667;13.5;2014-01-03 18:00:00;67;0.227716666666667;0.227716666666667;0.0;0.0;0.0504;0.0
67;12.44305;0.60075;13.5;2014-01-03 19:00:00;68;0.60075;0.60075;0.0;0.0;0.0504;0.0
68;11.490866666666667;0.952183333333333;13.5;2014-01-03 20:00:00;69;0.952183333333333;0.952183333333333;0.0;0.0;0.0504;0.0
69;10.698533333333334;0.792333333333333;13.5;2014-01-03 21:00:00;70;0.792333333333333;0.792333333333333;0.0;0.0;0.0504;0.0
70;9.97295;0.725583333333333;13.5;2014-01-03 22:00:00;71;0.725583333333333;0.725583333333333;0.0;0.0;0.0504;0.0
71;9.348983333333333;0.623966666666667;13.5;2014-01-03 23:00:00;72;0.623966666666667;0.623966666666667;0.0;0.0;0.00493;0.0
72;8.996483333333334;0.3525;13.5;2014-01-04 00:00:00;73;0.3525;0.3525;0.0;0.0;0.00493;0.0
73;8.685266666666667;0.311216666666667;13.5;2014-01-04 01:00:00;74;0.311216666666667;0.311216666666667;0.0;0.0;0.00493;0.0
74;8.35385;0.331416666666667;13.5;2014-01-04 02:00:00;75;0.331416666666667;0.331416666666667;0.0;0.0;0.00493;0.0
75;8.105766666666666;0.248083333333333;13.5;2014-01-04 03:00:00;76;0.248083333333333;0.248083333333333;0.0;0.0;0.00493;0.0
76;7.755049999999999;0.350716666666667;13.5;2014-01-04 04:00:00;77;0.350716666666667;0.350716666666667;0.0;0.0;0.00493;0.0
77;7.417033333333332;0.338016666666667;13.5;2014-01-04 05:00:00;78;0.338016666666667;0.338016666666667;0.0;0.0;0.00493;0.0
78;6.604816666666665;0.812216666666667;13.5;2014-01-04 06:00:00;79;0.812216666666667;0.812216666666667;0.0;0.0;0.00493;0.0
79;6.072299999999998;0.540666666666667;13.5;2014-01-04 07:00:00;80;0.540666666666667;0.5272;0.00815;0.0;0.0504;0.00815
80;6.132249999999997;0.384466666666667;13.5;2014-01-04 08:00:00;81;0.384466666666667;-0.0598666666666667;0.444416666666667;0.0;0.0504;0.444416666666667
81;6.76768333333333;0.31805;13.5;2014-01-04 09:00:00;82;0.31805;-0.6354;0.953483333333333;0.0;0.0504;0.953483333333333
82;7.697866666666663;0.439166666666667;13.5;2014-01-04 10:00:00;83;0.439166666666667;-0.9301;1.36935;0.0;0.0504;1.36935
83;9.011166666666659;0.242683333333333;13.5;2014-01-04 11:00:00;84;0.242683333333333;-1.31323333333333;1.55598333333333;0.0;0.0504;1.55598333333333
84;11.15726666666666;0.25235;13.5;2014-01-04 12:00:00;85;0.25235;-2.14621666666667;2.39845;0.0;0.0504;2.39845
85;13.209116666666667;0.290883333333333;13.5;2014-01-04 13:00:00;86;0.290883333333333;-2.15713333333333;2.44801666666667;0.0;0.0504;2.3427333333333404
86;13.086083333333333;0.413916666666667;13.5;2014-01-04 14:00:00;87;0.413916666666667;-1.93981666666667;2.35363333333333;0.0;0.0504;0.2908833333333334
87;13.193166666666666;0.306833333333333;13.5;2014-01-04 15:00:00;88;0.306833333333333;-1.15781666666667;1.46461666666667;0.0;0.0504;0.41391666666666715
88;12.879066666666667;0.620933333333333;13.5;2014-01-04 16:00:00;89;0.620933333333333;-0.644866666666667;1.26585;0.0;0.0504;0.3068333333333335
89;12.41475;0.587283333333333;13.5;2014-01-04 17:00:00;90;0.587283333333333;0.454766666666667;0.122966666666667;0.0;0.0504;0.122966666666667
90;11.470833333333333;0.943916666666667;13.5;2014-01-04 18:00:00;91;0.943916666666667;0.943916666666667;0.0;0.0;0.0504;0.0
91;10.5539;0.916933333333333;13.5;2014-01-04 19:00:00;92;0.916933333333333;0.916933333333333;0.0;0.0;0.0504;0.0
92;9.831783333333334;0.722116666666667;13.5;2014-01-04 20:00:00;93;0.722116666666667;0.722116666666667;0.0;0.0;0.0504;0.0
93;9.07215;0.759633333333333;13.5;2014-01-04 21:00:00;94;0.759633333333333;0.759633333333333;0.0;0.0;0.0504;0.0
94;8.3214;0.75075;13.5;2014-01-04 22:00:00;95;0.75075;0.75075;0.0;0.0;0.0504;0.0
95;7.9491000000000005;0.3723;13.5;2014-01-04 23:00:00;96;0.3723;0.3723;0.0;0.0;0.00493;0.0
96;7.716566666666668;0.232533333333333;13.5;2014-01-05 00:00:00;97;0.232533333333333;0.232533333333333;0.0;0.0;0.00493;0.0
97;7.477716666666668;0.23885;13.5;2014-01-05 01:00:00;98;0.23885;0.23885;0.0;0.0;0.00493;0.0
98;7.23995;0.237766666666667;13.5;2014-01-05 02:00:00;99;0.237766666666667;0.237766666666667;0.0;0.0;0.00493;0.0
99;7.003516666666667;0.236433333333333;13.5;2014-01-05 03:00:00;100;0.236433333333333;0.236433333333333;0.0;0.0;0.00493;0.0
100;6.57665;0.426866666666667;13.5;2014-01-05 04:00:00;101;0.426866666666667;0.426866666666667;0.0;0.0;0.00493;0.0
101;5.9433;0.63335;13.5;2014-01-05 05:00:00;102;0.63335;0.63335;0.0;0.0;0.00493;0.0
102;5.672633333333333;0.270666666666667;13.5;2014-01-05 06:00:00;103;0.270666666666667;0.270666666666667;0.0;0.0;0.00493;0.0
103;5.295066666666666;0.400383333333333;13.5;2014-01-05 07:00:00;104;0.400383333333333;0.37325;0.0228166666666667;0.0;0.0504;0.0228166666666667
104;5.384366666666667;0.22765;13.5;2014-01-05 08:00:00;105;0.22765;-0.0892833333333333;0.31695;0.0;0.0504;0.31695
105;5.728000000000001;0.221383333333333;13.5;2014-01-05 09:00:00;106;0.221383333333333;-0.343633333333333;0.565016666666667;0.0;0.0504;0.565016666666667
106;7.099400000000003;0.233916666666667;13.5;2014-01-05 10:00:00;107;0.233916666666667;-1.3714;1.60531666666667;0.0;0.0504;1.60531666666667
107;8.47431666666667;0.705033333333333;13.5;2014-01-05 11:00:00;108;0.705033333333333;-1.37503333333333;2.07995;0.0;0.0504;2.07995
108;10.731716666666674;0.294666666666667;13.5;2014-01-05 12:00:00;109;0.294666666666667;-2.25748333333333;2.55206666666667;0.0;0.0504;2.55206666666667
109;12.879016666666677;0.551866666666667;13.5;2014-01-05 13:00:00;110;0.551866666666667;-2.14735;2.69916666666667;0.0;0.0504;2.69916666666667
110;12.925716666666666;0.574283333333333;13.5;2014-01-05 14:00:00;111;0.574283333333333;-2.02135;2.59558333333333;0.0;0.0504;0.6209833333333226
111;12.887783333333333;0.612216666666667;13.5;2014-01-05 15:00:00;112;0.612216666666667;-1.50741666666667;2.11963333333333;0.0;0.0504;0.5742833333333337
112;12.838683333333332;0.661316666666667;13.5;2014-01-05 16:00:00;113;0.661316666666667;-0.591633333333333;1.25291666666667;0.0;0.0504;0.6122166666666669
113;12.168733333333332;0.747066666666667;13.5;2014-01-05 17:00:00;114;0.747066666666667;0.660466666666667;0.0771166666666667;0.0;0.0504;0.0771166666666667
114;11.37605;0.792683333333333;13.5;2014-01-05 18:00:00;115;0.792683333333333;0.792683333333333;0.0;0.0;0.0504;0.0
115;10.547266666666665;0.828783333333333;13.5;2014-01-05 19:00:00;116;0.828783333333333;0.828783333333333;0.0;0.0;0.0504;0.0
116;9.777433333333333;0.769833333333333;13.5;2014-01-05 20:00:00;117;0.769833333333333;0.769833333333333;0.0;0.0;0.0504;0.0
117;8.829133333333333;0.9483;13.5;2014-01-05 21:00:00;118;0.9483;0.9483;0.0;0.0;0.0504;0.0
118;8.071816666666667;0.757316666666667;13.5;2014-01-05 22:00:00;119;0.757316666666667;0.757316666666667;0.0;0.0;0.0504;0.0
119;7.758916666666667;0.3129;13.5;2014-01-05 23:00:00;120;0.3129;0.3129;0.0;0.0;0.00493;0.0
120;7.462716666666667;0.2962;13.5;2014-01-06 00:00:00;121;0.2962;0.2962;0.0;0.0;0.00493;0.0
121;7.125233333333334;0.337483333333333;13.5;2014-01-06 01:00:00;122;0.337483333333333;0.337483333333333;0.0;0.0;0.00493;0.0
122;6.714833333333334;0.4104;13.5;2014-01-06 02:00:00;123;0.4104;0.4104;0.0;0.0;0.00493;0.0
123;6.300800000000001;0.414033333333333;13.5;2014-01-06 03:00:00;124;0.414033333333333;0.414033333333333;0.0;0.0;0.00493;0.0
124;5.8704833333333335;0.430316666666667;13.5;2014-01-06 04:00:00;125;0.430316666666667;0.430316666666667;0.0;0.0;0.00493;0.0
125;5.4192833333333335;0.4512;13.5;2014-01-06 05:00:00;126;0.4512;0.4512;0.0;0.0;0.00493;0.0
126;4.329950000000004;1.08933333333333;13.5;2014-01-06 06:00:00;127;1.08933333333333;1.08933333333333;0.0;0.0;0.00493;0.0
127;3.5703000000000036;0.764133333333333;13.5;2014-01-06 07:00:00;128;0.764133333333333;0.7537;0.00448333333333333;0.0;0.0504;0.00448333333333333
128;3.6565333333333365;0.227766666666667;13.5;2014-01-06 08:00:00;129;0.227766666666667;-0.0862;0.314;0.0;0.0504;0.314
129;4.1040500000000035;0.271933333333333;13.5;2014-01-06 09:00:00;130;0.271933333333333;-0.447516666666667;0.71945;0.0;0.0504;0.71945
130;4.770033333333337;0.431066666666667;13.5;2014-01-06 10:00:00;131;0.431066666666667;-0.665966666666667;1.09705;0.0;0.0504;1.09705
131;5.929700000000003;0.255483333333333;13.5;2014-01-06 11:00:00;132;0.255483333333333;-1.1597;1.41515;0.0;0.0504;1.41515
132;7.13846666666667;0.221133333333333;13.5;2014-01-06 12:00:00;133;0.221133333333333;-1.20888333333333;1.4299;0.0;0.0504;1.4299
133;8.8539;0.2284;13.5;2014-01-06 13:00:00;134;0.2284;-1.71535;1.94383333333333;0.0;0.0504;1.94383333333333
134;10.486399999999996;0.255433333333333;13.5;2014-01-06 14:00:00;135;0.255433333333333;-1.63246666666667;1.88793333333333;0.0;0.0504;1.88793333333333
135;11.653483333333327;0.2212;13.5;2014-01-06 15:00:00;136;0.2212;-1.16706666666667;1.38828333333333;0.0;0.0504;1.38828333333333
136;11.98556666666666;0.214866666666667;13.5;2014-01-06 16:00:00;137;0.214866666666667;-0.3321;0.54695;0.0;0.0504;0.54695
137;11.782216666666661;0.2427;13.5;2014-01-06 17:00:00;138;0.2427;0.1938;0.03935;0.0;0.0504;0.03935
138;11.500933333333329;0.281283333333333;13.5;2014-01-06 18:00:00;139;0.281283333333333;0.281283333333333;0.0;0.0;0.0504;0.0
139;10.972316666666662;0.528616666666667;13.5;2014-01-06 19:00:00;140;0.528616666666667;0.528616666666667;0.0;0.0;0.0504;0.0
140;9.984516666666662;0.9878;13.5;2014-01-06 20:00:00;141;0.9878;0.9878;0.0;0.0;0.0504;0.0
141;8.869216666666663;1.1153;13.5;2014-01-06 21:00:00;142;1.1153;1.1153;0.0;0.0;0.0504;0.0
142;8.18368333333333;0.685533333333333;13.5;2014-01-06 22:00:00;143;0.685533333333333;0.685533333333333;0.0;0.0;0.0504;0.0
143;7.9347999999999965;0.248883333333333;13.5;2014-01-06 23:00:00;144;0.248883333333333;0.248883333333333;0.0;0.0;0.00493;0.0
144;7.571049999999996;0.36375;13.5;2014-01-07 00:00:00;145;0.36375;0.36375;0.0;0.0;0.00493;0.0
145;7.2266333333333295;0.344416666666667;13.5;2014-01-07 01:00:00;146;0.344416666666667;0.344416666666667;0.0;0.0;0.00493;0.0
146;6.836766666666662;0.389866666666667;13.5;2014-01-07 02:00:00;147;0.389866666666667;0.389866666666667;0.0;0.0;0.00493;0.0
147;6.399716666666662;0.43705;13.5;2014-01-07 03:00:00;148;0.43705;0.43705;0.0;0.0;0.00493;0.0
148;5.964299999999995;0.435416666666667;13.5;2014-01-07 04:00:00;149;0.435416666666667;0.435416666666667;0.0;0.0;0.00493;0.0
149;5.551899999999995;0.4124;13.5;2014-01-07 05:00:00;150;0.4124;0.4124;0.0;0.0;0.00493;0.0
150;4.6458833333333285;0.906016666666667;13.5;2014-01-07 06:00:00;151;0.906016666666667;0.906016666666667;0.0;0.0;0.00493;0.0
151;4.131366666666662;0.52835;13.5;2014-01-07 07:00:00;152;0.52835;0.510233333333333;0.0138333333333333;0.0;0.0504;0.0138333333333333
152;4.426066666666662;0.224583333333333;13.5;2014-01-07 08:00:00;153;0.224583333333333;-0.294666666666667;0.519283333333333;0.0;0.0504;0.519283333333333
153;5.240816666666665;0.233216666666667;13.5;2014-01-07 09:00:00;154;0.233216666666667;-0.814683333333333;1.04796666666667;0.0;0.0504;1.04796666666667
154;6.674716666666668;0.222916666666667;13.5;2014-01-07 10:00:00;155;0.222916666666667;-1.43385;1.65681666666667;0.0;0.0504;1.65681666666667
155;8.59038333333333;0.317166666666667;13.5;2014-01-07 11:00:00;156;0.317166666666667;-1.91555;2.23283333333333;0.0;0.0504;2.23283333333333
156;10.909583333333332;0.263766666666667;13.5;2014-01-07 12:00:00;157;0.263766666666667;-2.31911666666667;2.58296666666667;0.0;0.0504;2.58296666666667
157;13.2654;0.2346;13.5;2014-01-07 13:00:00;158;0.2346;-2.48321666666667;2.71778333333333;0.0;0.0504;2.590416666666668
158;13.283483333333333;0.216516666666667;13.5;2014-01-07 14:00:00;159;0.216516666666667;-0.984283333333333;1.20071666666667;0.0;0.0504;0.23460000000000036
159;13.259466666666667;0.240533333333333;13.5;2014-01-07 15:00:00;160;0.240533333333333;-0.483;0.723466666666667;0.0;0.0504;0.21651666666666713
160;13.2922;0.2078;13.5;2014-01-07 16:00:00;161;0.2078;-0.0390333333333333;0.246833333333333;0.0;0.0504;0.2405333333333335
161;13.083966666666665;0.220416666666667;13.5;2014-01-07 17:00:00;162;0.220416666666667;0.19805;0.0121833333333333;0.0;0.0504;0.0121833333333333
162;12.842733333333332;0.241233333333333;13.5;2014-01-07 18:00:00;163;0.241233333333333;0.241233333333333;0.0;0.0;0.0504;0.0
163;12.351249999999999;0.491483333333333;13.5;2014-01-07 19:00:00;164;0.491483333333333;0.491483333333333;0.0;0.0;0.0504;0.0
164;11.444116666666666;0.907133333333333;13.5;2014-01-07 20:00:00;165;0.907133333333333;0.907133333333333;0.0;0.0;0.0504;0.0
165;10.676916666666665;0.7672;13.5;2014-01-07 21:00:00;166;0.7672;0.7672;0.0;0.0;0.0504;0.0
166;9.946899999999998;0.730016666666667;13.5;2014-01-07 22:00:00;167;0.730016666666667;0.730016666666667;0.0;0.0;0.0504;0.0
167;9.57558333333333;0.371316666666667;13.5;2014-01-07 23:00:00;168;0.371316666666667;0.371316666666667;0.0;0.0;0.00493;0.0
168;9.286699999999998;0.288883333333333;13.5;2014-01-08 00:00:00;169;0.288883333333333;0.288883333333333;0.0;0.0;0.00493;0.0
169;8.996916666666666;0.289783333333333;13.5;2014-01-08 01:00:00;170;0.289783333333333;0.289783333333333;0.0;0.0;0.00493;0.0
170;8.649483333333333;0.347433333333333;13.5;2014-01-08 02:00:00;171;0.347433333333333;0.347433333333333;0.0;0.0;0.00493;0.0
171;8.292516666666666;0.356966666666667;13.5;2014-01-08 03:00:00;172;0.356966666666667;0.356966666666667;0.0;0.0;0.00493;0.0
172;7.932716666666666;0.3598;13.5;2014-01-08 04:00:00;173;0.3598;0.3598;0.0;0.0;0.00493;0.0
173;7.567633333333333;0.365083333333333;13.5;2014-01-08 05:00:00;174;0.365083333333333;0.365083333333333;0.0;0.0;0.00493;0.0
174;7.014266666666666;0.553366666666667;13.5;2014-01-08 06:00:00;175;0.553366666666667;0.553366666666667;0.0;0.0;0.00493;0.0
175;6.564116666666665;0.453966666666667;13.5;2014-01-08 07:00:00;176;0.453966666666667;0.444366666666667;0.00381666666666667;0.0;0.0504;0.00381666666666667
176;6.337866666666665;0.285216666666667;13.5;2014-01-08 08:00:00;177;0.285216666666667;0.226116666666667;0.0589666666666667;0.0;0.0504;0.0589666666666667
177;6.111583333333332;0.279533333333333;13.5;2014-01-08 09:00:00;178;0.279533333333333;0.2263;0.05325;0.0;0.0504;0.05325
178;5.985099999999999;0.397083333333333;13.5;2014-01-08 10:00:00;179;0.397083333333333;0.126533333333333;0.2706;0.0;0.0504;0.2706
179;6.114699999999999;0.2683;13.5;2014-01-08 11:00:00;180;0.2683;-0.12965;0.3979;0.0;0.0504;0.3979
180;6.242983333333333;0.289683333333333;13.5;2014-01-08 12:00:00;181;0.289683333333333;-0.128333333333333;0.417966666666667;0.0;0.0504;0.417966666666667
181;6.236800000000001;0.3012;13.5;2014-01-08 13:00:00;182;0.3012;0.0061;0.295016666666667;0.0;0.0504;0.295016666666667
182;6.152400000000001;0.2584;13.5;2014-01-08 14:00:00;183;0.2584;0.0843833333333333;0.174;0.0;0.0504;0.174
183;6.006550000000001;0.269783333333333;13.5;2014-01-08 15:00:00;184;0.269783333333333;0.1458;0.123933333333333;0.0;0.0504;0.123933333333333
184;5.818483333333334;0.2987;13.5;2014-01-08 16:00:00;185;0.2987;0.1882;0.110633333333333;0.0;0.0504;0.110633333333333
185;5.519866666666667;0.298616666666667;13.5;2014-01-08 17:00:00;186;0.298616666666667;0.297216666666667;0.0;0.0;0.0504;0.0
186;5.26565;0.254216666666667;13.5;2014-01-08 18:00:00;187;0.254216666666667;0.254216666666667;0.0;0.0;0.0504;0.0
187;4.680083333333333;0.585566666666667;13.5;2014-01-08 19:00:00;188;0.585566666666667;0.585566666666667;0.0;0.0;0.0504;0.0
188;3.9592166666666664;0.720866666666667;13.5;2014-01-08 20:00:00;189;0.720866666666667;0.720866666666667;0.0;0.0;0.0504;0.0
189;3.2650666666666663;0.69415;13.5;2014-01-08 21:00:00;190;0.69415;0.69415;0.0;0.0;0.0504;0.0
190;2.7205666666666666;0.5445;13.5;2014-01-08 22:00:00;191;0.5445;0.5445;0.0;0.0;0.0504;0.0
191;2.4838499999999994;0.236716666666667;13.5;2014-01-08 23:00:00;192;0.236716666666667;0.236716666666667;0.0;0.0;0.00493;0.0
192;2.2499333333333325;0.233916666666667;13.5;2014-01-09 00:00:00;193;0.233916666666667;0.233916666666667;0.0;0.0;0.00493;0.0
193;2.0314999999999994;0.218433333333333;13.5;2014-01-09 01:00:00;194;0.218433333333333;0.218433333333333;0.0;0.0;0.00493;0.0
194;1.7125666666666663;0.318933333333333;13.5;2014-01-09 02:00:00;195;0.318933333333333;0.318933333333333;0.0;0.0;0.00493;0.0
195;1.4871333333333334;0.225433333333333;13.5;2014-01-09 03:00:00;196;0.225433333333333;0.225433333333333;0.0;0.0;0.00493;0.0
196;1.2552833333333333;0.23185;13.5;2014-01-09 04:00:00;197;0.23185;0.23185;0.0;0.0;0.00493;0.0
197;0.9119666666666664;0.343316666666667;13.5;2014-01-09 05:00:00;198;0.343316666666667;0.343316666666667;0.0;0.0;0.00493;0.0
198;0.20444999999999935;0.707516666666667;13.5;2014-01-09 06:00:00;199;0.707516666666667;0.707516666666667;0.0;0.0;0.00493;0.0
199;0.0;0.21696666666666606;13.5;2014-01-09 07:00:00;200;0.382383333333333;0.36405;0.0125166666666667;0.16541666666666696;0.0504;0.0125166666666667
200;0.0;0.175483333333333;13.5;2014-01-09 08:00:00;201;0.213366666666667;0.0379166666666667;0.175483333333333;0.03788333333333402;0.0504;0.175483333333333
201;0.2733;0.202966666666667;13.5;2014-01-09 09:00:00;202;0.202966666666667;-0.273316666666667;0.476266666666667;0.0;0.0504;0.476266666666667
202;0.794;0.2357;13.5;2014-01-09 10:00:00;203;0.2357;-0.5208;0.7564;0.0;0.0504;0.7564
203;1.2740333333333331;0.2348;13.5;2014-01-09 11:00:00;204;0.2348;-0.480066666666667;0.714833333333333;0.0;0.0504;0.714833333333333
204;1.7155833333333332;0.229416666666667;13.5;2014-01-09 12:00:00;205;0.229416666666667;-0.441516666666667;0.670966666666667;0.0;0.0504;0.670966666666667
205;2.314583333333333;0.235;13.5;2014-01-09 13:00:00;206;0.235;-0.59895;0.834;0.0;0.0504;0.834
206;4.207616666666666;0.224566666666667;13.5;2014-01-09 14:00:00;207;0.224566666666667;-1.89305;2.1176;0.0;0.0504;2.1176
207;5.315483333333333;0.242033333333333;13.5;2014-01-09 15:00:00;208;0.242033333333333;-1.10791666666667;1.3499;0.0;0.0504;1.3499
208;5.360949999999999;0.228466666666667;13.5;2014-01-09 16:00:00;209;0.228466666666667;-0.0454833333333333;0.273933333333333;0.0;0.0504;0.273933333333333
209;5.153299999999999;0.243033333333333;13.5;2014-01-09 17:00:00;210;0.243033333333333;0.19375;0.0353833333333333;0.0;0.0504;0.0353833333333333
210;4.937699999999999;0.2156;13.5;2014-01-09 18:00:00;211;0.2156;0.2156;0.0;0.0;0.0504;0.0
211;4.4935166666666655;0.444183333333333;13.5;2014-01-09 19:00:00;212;0.444183333333333;0.444183333333333;0.0;0.0;0.0504;0.0
212;3.7464666666666657;0.74705;13.5;2014-01-09 20:00:00;213;0.74705;0.74705;0.0;0.0;0.0504;0.0
213;2.9990499999999987;0.747416666666667;13.5;2014-01-09 21:00:00;214;0.747416666666667;0.747416666666667;0.0;0.0;0.0504;0.0
214;2.5261999999999984;0.47285;13.5;2014-01-09 22:00:00;215;0.47285;0.47285;0.0;0.0;0.0504;0.0
215;2.2863666666666655;0.239833333333333;13.5;2014-01-09 23:00:00;216;0.239833333333333;0.239833333333333;0.0;0.0;0.00493;0.0
216;2.0513166666666653;0.23505;13.5;2014-01-10 00:00:00;217;0.23505;0.23505;0.0;0.0;0.00493;0.0
217;1.8175166666666653;0.2338;13.5;2014-01-10 01:00:00;218;0.2338;0.2338;0.0;0.0;0.00493;0.0
218;1.5900333333333323;0.227483333333333;13.5;2014-01-10 02:00:00;219;0.227483333333333;0.227483333333333;0.0;0.0;0.00493;0.0
219;1.3635666666666653;0.226466666666667;13.5;2014-01-10 03:00:00;220;0.226466666666667;0.226466666666667;0.0;0.0;0.00493;0.0
220;1.1510666666666654;0.2125;13.5;2014-01-10 04:00:00;221;0.2125;0.2125;0.0;0.0;0.00493;0.0
221;0.8706333333333324;0.280433333333333;13.5;2014-01-10 05:00:00;222;0.280433333333333;0.280433333333333;0.0;0.0;0.00493;0.0
222;0.2353166666666654;0.635316666666667;13.5;2014-01-10 06:00:00;223;0.635316666666667;0.635316666666667;0.0;0.0;0.00493;0.0
223;0.0;0.2353166666666654;13.5;2014-01-10 07:00:00;224;0.343866666666667;0.33885;0.0;0.10855000000000159;0.0504;0.0
224;0.0;0.0737333333333333;13.5;2014-01-10 08:00:00;225;0.225733333333333;0.152;0.0737333333333333;0.1519999999999997;0.0504;0.0737333333333333
225;0.04294999999999999;0.223883333333333;13.5;2014-01-10 09:00:00;226;0.223883333333333;-0.04305;0.266833333333333;0.0;0.0504;0.266833333333333
226;0.076866666666667;0.204933333333333;13.5;2014-01-10 10:00:00;227;0.204933333333333;-0.0338666666666667;0.23885;0.0;0.0504;0.23885
227;0.47441666666666693;0.218716666666667;13.5;2014-01-10 11:00:00;228;0.218716666666667;-0.3977;0.616266666666667;0.0;0.0504;0.616266666666667
228;0.671633333333333;0.234816666666667;13.5;2014-01-10 12:00:00;229;0.234816666666667;-0.1972;0.432033333333333;0.0;0.0504;0.432033333333333
229;1.4110666666666658;0.235216666666667;13.5;2014-01-10 13:00:00;230;0.235216666666667;-0.739383333333333;0.97465;0.0;0.0504;0.97465
230;2.4378666666666686;0.241166666666667;13.5;2014-01-10 14:00:00;231;0.241166666666667;-1.02683333333333;1.26796666666667;0.0;0.0504;1.26796666666667
231;2.7895666666666683;0.234766666666667;13.5;2014-01-10 15:00:00;232;0.234766666666667;-0.351666666666667;0.586466666666667;0.0;0.0504;0.586466666666667
232;2.852233333333335;0.2088;13.5;2014-01-10 16:00:00;233;0.2088;-0.0628;0.271466666666667;0.0;0.0504;0.271466666666667
233;2.641333333333335;0.21295;13.5;2014-01-10 17:00:00;234;0.21295;0.198766666666667;0.00205;0.0;0.0504;0.00205
234;2.4085833333333353;0.23275;13.5;2014-01-10 18:00:00;235;0.23275;0.23275;0.0;0.0;0.0504;0.0
235;2.1408333333333354;0.26775;13.5;2014-01-10 19:00:00;236;0.26775;0.26775;0.0;0.0;0.0504;0.0
236;1.8330833333333354;0.30775;13.5;2014-01-10 20:00:00;237;0.30775;0.30775;0.0;0.0;0.0504;0.0
237;1.0548500000000023;0.778233333333333;13.5;2014-01-10 21:00:00;238;0.778233333333333;0.778233333333333;0.0;0.0;0.0504;0.0
238;0.47653333333333525;0.578316666666667;13.5;2014-01-10 22:00:00;239;0.578316666666667;0.578316666666667;0.0;0.0;0.0504;0.0
239;0.07066666666666827;0.405866666666667;13.5;2014-01-10 23:00:00;240;0.405866666666667;0.405866666666667;0.0;0.0;0.00493;0.0
240;0.0;0.07066666666666827;13.5;2014-01-11 00:00:00;241;0.301533333333333;0.301533333333333;0.0;0.23086666666666472;0.00493;0.0
241;0.0;0.0;13.5;2014-01-11 01:00:00;242;0.30025;0.30025;0.0;0.30025;0.00493;0.0
242;0.0;0.0;13.5;2014-01-11 02:00:00;243;0.301133333333333;0.301133333333333;0.0;0.301133333333333;0.00493;0.0
243;0.0;0.0;13.5;2014-01-11 03:00:00;244;0.300683333333333;0.300683333333333;0.0;0.300683333333333;0.00493;0.0
244;0.0;0.0;13.5;2014-01-11 04:00:00;245;0.3377;0.3377;0.0;0.3377;0.00493;0.0
245;0.0;0.0;13.5;2014-01-11 05:00:00;246;0.437666666666667;0.437666666666667;0.0;0.437666666666667;0.00493;0.0
246;0.0;0.0;13.5;2014-01-11 06:00:00;247;0.28665;0.28665;0.0;0.28665;0.00493;0.0
247;0.0;0.00796666666666667;13.5;2014-01-11 07:00:00;248;0.367016666666667;0.354466666666667;0.00796666666666667;0.3590500000000003;0.0504;0.00796666666666667
248;0.236483333333333;0.23935;13.5;2014-01-11 08:00:00;249;0.23935;-0.236566666666667;0.475833333333333;0.0;0.0504;0.475833333333333
249;0.948049999999999;0.268716666666667;13.5;2014-01-11 09:00:00;250;0.268716666666667;-0.711633333333333;0.980283333333333;0.0;0.0504;0.980283333333333
250;2.173416666666669;0.29695;13.5;2014-01-11 10:00:00;251;0.29695;-1.22533333333333;1.52231666666667;0.0;0.0504;1.52231666666667
251;4.000900000000006;0.241983333333333;13.5;2014-01-11 11:00:00;252;0.241983333333333;-1.82745;2.06946666666667;0.0;0.0504;2.06946666666667
252;6.023900000000003;0.364283333333333;13.5;2014-01-11 12:00:00;253;0.364283333333333;-2.02293333333333;2.38728333333333;0.0;0.0504;2.38728333333333
253;8.168350000000007;0.360216666666667;13.5;2014-01-11 13:00:00;254;0.360216666666667;-2.14446666666667;2.50466666666667;0.0;0.0504;2.50466666666667
254;10.20340000000001;0.338416666666667;13.5;2014-01-11 14:00:00;255;0.338416666666667;-2.03503333333333;2.37346666666667;0.0;0.0504;2.37346666666667
255;11.47941666666668;0.75985;13.5;2014-01-11 15:00:00;256;0.75985;-1.27603333333333;2.03586666666667;0.0;0.0504;2.03586666666667
256;12.468116666666683;0.424716666666667;13.5;2014-01-11 16:00:00;257;0.424716666666667;-0.98875;1.41341666666667;0.0;0.0504;1.41341666666667
257;12.483016666666684;0.35;13.5;2014-01-11 17:00:00;258;0.35;-0.0187666666666667;0.3649;0.0;0.0504;0.3649
258;12.254716666666683;0.2283;13.5;2014-01-11 18:00:00;259;0.2283;0.2283;0.0;0.0;0.0504;0.0
259;11.97638333333335;0.278333333333333;13.5;2014-01-11 19:00:00;260;0.278333333333333;0.278333333333333;0.0;0.0;0.0504;0.0
260;11.445700000000018;0.530683333333333;13.5;2014-01-11 20:00:00;261;0.530683333333333;0.530683333333333;0.0;0.0;0.0504;0.0
261;10.819450000000018;0.62625;13.5;2014-01-11 21:00:00;262;0.62625;0.62625;0.0;0.0;0.0504;0.0
262;10.22958333333335;0.589866666666667;13.5;2014-01-11 22:00:00;263;0.589866666666667;0.589866666666667;0.0;0.0;0.0504;0.0
263;9.903716666666684;0.325866666666667;13.5;2014-01-11 23:00:00;264;0.325866666666667;0.325866666666667;0.0;0.0;0.00493;0.0
264;9.679550000000017;0.224166666666667;13.5;2014-01-12 00:00:00;265;0.224166666666667;0.224166666666667;0.0;0.0;0.00493;0.0
265;9.458350000000017;0.2212;13.5;2014-01-12 01:00:00;266;0.2212;0.2212;0.0;0.0;0.00493;0.0
266;9.23663333333335;0.221716666666667;13.5;2014-01-12 02:00:00;267;0.221716666666667;0.221716666666667;0.0;0.0;0.00493;0.0
267;9.005200000000016;0.231433333333333;13.5;2014-01-12 03:00:00;268;0.231433333333333;0.231433333333333;0.0;0.0;0.00493;0.0
268;8.760100000000016;0.2451;13.5;2014-01-12 04:00:00;269;0.2451;0.2451;0.0;0.0;0.00493;0.0
269;8.520266666666682;0.239833333333333;13.5;2014-01-12 05:00:00;270;0.239833333333333;0.239833333333333;0.0;0.0;0.00493;0.0
270;7.910983333333349;0.609283333333333;13.5;2014-01-12 06:00:00;271;0.609283333333333;0.609283333333333;0.0;0.0;0.00493;0.0
271;7.393350000000015;0.522066666666667;13.5;2014-01-12 07:00:00;272;0.522066666666667;0.5129;0.00443333333333333;0.0;0.0504;0.00443333333333333
272;7.414783333333348;0.45135;13.5;2014-01-12 08:00:00;273;0.45135;-0.0214833333333333;0.472783333333333;0.0;0.0504;0.472783333333333
273;7.900650000000017;0.3226;13.5;2014-01-12 09:00:00;274;0.3226;-0.485933333333333;0.808466666666667;0.0;0.0504;0.808466666666667
274;8.480900000000014;0.453383333333333;13.5;2014-01-12 10:00:00;275;0.453383333333333;-0.580333333333333;1.03363333333333;0.0;0.0504;1.03363333333333
275;8.99946666666668;0.377116666666667;13.5;2014-01-12 11:00:00;276;0.377116666666667;-0.518583333333333;0.895683333333333;0.0;0.0504;0.895683333333333
276;8.934200000000013;0.38365;13.5;2014-01-12 12:00:00;277;0.38365;0.0653333333333333;0.318383333333333;0.0;0.0504;0.318383333333333
277;8.556750000000012;0.5882;13.5;2014-01-12 13:00:00;278;0.5882;0.377566666666667;0.21075;0.0;0.0504;0.21075
278;8.413166666666678;0.657266666666667;13.5;2014-01-12 14:00:00;279;0.657266666666667;0.143616666666667;0.513683333333333;0.0;0.0504;0.513683333333333
279;7.907183333333345;0.609033333333333;13.5;2014-01-12 15:00:00;280;0.609033333333333;0.505983333333333;0.10305;0.0;0.0504;0.10305
280;7.101766666666679;0.882083333333333;13.5;2014-01-12 16:00:00;281;0.882083333333333;0.805433333333333;0.0766666666666667;0.0;0.0504;0.0766666666666667
281;6.637633333333346;0.474083333333333;13.5;2014-01-12 17:00:00;282;0.474083333333333;0.45435;0.00995;0.0;0.0504;0.00995
282;6.023266666666679;0.614366666666667;13.5;2014-01-12 18:00:00;283;0.614366666666667;0.614366666666667;0.0;0.0;0.0504;0.0
283;5.0127500000000085;1.01051666666667;13.5;2014-01-12 19:00:00;284;1.01051666666667;1.01051666666667;0.0;0.0;0.0504;0.0
284;3.9184833333333384;1.09426666666667;13.5;2014-01-12 20:00:00;285;1.09426666666667;1.09426666666667;0.0;0.0;0.0504;0.0
285;2.9443333333333386;0.97415;13.5;2014-01-12 21:00:00;286;0.97415;0.97415;0.0;0.0;0.0504;0.0
286;2.0482500000000057;0.896083333333333;13.5;2014-01-12 22:00:00;287;0.896083333333333;0.896083333333333;0.0;0.0;0.0504;0.0
287;1.5288166666666727;0.519433333333333;13.5;2014-01-12 23:00:00;288;0.519433333333333;0.519433333333333;0.0;0.0;0.00493;0.0
288;1.2847500000000056;0.244066666666667;13.5;2014-01-13 00:00:00;289;0.244066666666667;0.244066666666667;0.0;0.0;0.00493;0.0
289;1.0518666666666725;0.232883333333333;13.5;2014-01-13 01:00:00;290;0.232883333333333;0.232883333333333;0.0;0.0;0.00493;0.0
290;0.8182333333333395;0.233633333333333;13.5;2014-01-13 02:00:00;291;0.233633333333333;0.233633333333333;0.0;0.0;0.00493;0.0
291;0.5846166666666724;0.233616666666667;13.5;2014-01-13 03:00:00;292;0.233616666666667;0.233616666666667;0.0;0.0;0.00493;0.0
292;0.35273333333333945;0.231883333333333;13.5;2014-01-13 04:00:00;293;0.231883333333333;0.231883333333333;0.0;0.0;0.00493;0.0
293;0.0;0.35273333333333945;13.5;2014-01-13 05:00:00;294;0.379833333333333;0.379833333333333;0.0;0.027099999999993574;0.00493;0.0
294;0.0;0.0;13.5;2014-01-13 06:00:00;295;0.6517;0.6517;0.0;0.6517;0.00493;0.0
295;0.0;0.00651666666666667;13.5;2014-01-13 07:00:00;296;0.35525;0.343633333333333;0.00651666666666667;0.34873333333333334;0.0504;0.00651666666666667
296;0.25136666666666696;0.2214;13.5;2014-01-13 08:00:00;297;0.2214;-0.25135;0.472766666666667;0.0;0.0504;0.472766666666667
297;0.996216666666667;0.235916666666667;13.5;2014-01-13 09:00:00;298;0.235916666666667;-0.744883333333333;0.980766666666667;0.0;0.0504;0.980766666666667
298;2.308050000000004;0.243433333333333;13.5;2014-01-13 10:00:00;299;0.243433333333333;-1.3118;1.55526666666667;0.0;0.0504;1.55526666666667
299;4.184783333333342;0.246483333333333;13.5;2014-01-13 11:00:00;300;0.246483333333333;-1.8768;2.12321666666667;0.0;0.0504;2.12321666666667
300;6.407700000000013;0.26155;13.5;2014-01-13 12:00:00;301;0.26155;-2.22288333333333;2.48446666666667;0.0;0.0504;2.48446666666667
301;8.770916666666675;0.253666666666667;13.5;2014-01-13 13:00:00;302;0.253666666666667;-2.36325;2.61688333333333;0.0;0.0504;2.61688333333333
302;11.03828333333334;0.242766666666667;13.5;2014-01-13 14:00:00;303;0.242766666666667;-2.26743333333333;2.51013333333333;0.0;0.0504;2.51013333333333
303;12.96780000000001;0.2387;13.5;2014-01-13 15:00:00;304;0.2387;-1.92948333333333;2.16821666666667;0.0;0.0504;2.16821666666667
304;13.265166666666667;0.234833333333333;13.5;2014-01-13 16:00:00;305;0.234833333333333;-1.29253333333333;1.52736666666667;0.0;0.0504;0.5321999999999907
305;13.277633333333332;0.222366666666667;13.5;2014-01-13 17:00:00;306;0.222366666666667;-0.200483333333333;0.419983333333333;0.0;0.0504;0.23483333333333256
306;13.045833333333333;0.2318;13.5;2014-01-13 18:00:00;307;0.2318;0.2318;0.0;0.0;0.0504;0.0
307;12.779666666666666;0.266166666666667;13.5;2014-01-13 19:00:00;308;0.266166666666667;0.266166666666667;0.0;0.0;0.0504;0.0
308;12.472816666666665;0.30685;13.5;2014-01-13 20:00:00;309;0.30685;0.30685;0.0;0.0;0.0504;0.0
309;11.712299999999997;0.760516666666667;13.5;2014-01-13 21:00:00;310;0.760516666666667;0.760516666666667;0.0;0.0;0.0504;0.0
310;11.213716666666665;0.498583333333333;13.5;2014-01-13 22:00:00;311;0.498583333333333;0.498583333333333;0.0;0.0;0.0504;0.0
311;10.979416666666665;0.2343;13.5;2014-01-13 23:00:00;312;0.2343;0.2343;0.0;0.0;0.00493;0.0
312;10.749099999999999;0.230316666666667;13.5;2014-01-14 00:00:00;313;0.230316666666667;0.230316666666667;0.0;0.0;0.00493;0.0
313;10.522099999999998;0.227;13.5;2014-01-14 01:00:00;314;0.227;0.227;0.0;0.0;0.00493;0.0
314;10.304099999999998;0.218;13.5;2014-01-14 02:00:00;315;0.218;0.218;0.0;0.0;0.00493;0.0
315;10.087949999999998;0.21615;13.5;2014-01-14 03:00:00;316;0.21615;0.21615;0.0;0.0;0.00493;0.0
316;9.751549999999998;0.3364;13.5;2014-01-14 04:00:00;317;0.3364;0.3364;0.0;0.0;0.00493;0.0
317;9.208649999999999;0.5429;13.5;2014-01-14 05:00:00;318;0.5429;0.5429;0.0;0.0;0.00493;0.0
318;8.067483333333328;1.14116666666667;13.5;2014-01-14 06:00:00;319;1.14116666666667;1.14116666666667;0.0;0.0;0.00493;0.0
319;6.935966666666658;1.13851666666667;13.5;2014-01-14 07:00:00;320;1.13851666666667;1.12631666666667;0.007;0.0;0.0504;0.007
320;7.055049999999992;0.3664;13.5;2014-01-14 08:00:00;321;0.3664;-0.11915;0.485483333333333;0.0;0.0504;0.485483333333333
321;7.808133333333324;0.232;13.5;2014-01-14 09:00:00;322;0.232;-0.7531;0.985083333333333;0.0;0.0504;0.985083333333333
322;9.115999999999993;0.237283333333333;13.5;2014-01-14 10:00:00;323;0.237283333333333;-1.30771666666667;1.54515;0.0;0.0504;1.54515
323;11.022916666666662;0.22715;13.5;2014-01-14 11:00:00;324;0.22715;-1.90693333333333;2.13406666666667;0.0;0.0504;2.13406666666667
324;13.255216666666668;0.244783333333333;13.5;2014-01-14 12:00:00;325;0.244783333333333;-2.2398;2.48456666666667;0.0;0.0504;2.477083333333338
325;13.236433333333332;0.263566666666667;13.5;2014-01-14 13:00:00;326;0.263566666666667;-2.3096;2.5731;0.0;0.0504;0.24478333333333246
326;13.252733333333333;0.247266666666667;13.5;2014-01-14 14:00:00;327;0.247266666666667;-2.24363333333333;2.49096666666667;0.0;0.0504;0.2635666666666676
327;13.25385;0.24615;13.5;2014-01-14 15:00:00;328;0.24615;-1.87505;2.1212;0.0;0.0504;0.24726666666666652
328;13.263683333333333;0.236316666666667;13.5;2014-01-14 16:00:00;329;0.236316666666667;-1.23431666666667;1.47061666666667;0.0;0.0504;0.2461500000000001
329;13.288366666666667;0.211633333333333;13.5;2014-01-14 17:00:00;330;0.211633333333333;-0.2005;0.409966666666667;0.0;0.0504;0.23631666666666717
330;13.060699999999999;0.227666666666667;13.5;2014-01-14 18:00:00;331;0.227666666666667;0.227666666666667;0.0;0.0;0.0504;0.0
331;12.717066666666666;0.343633333333333;13.5;2014-01-14 19:00:00;332;0.343633333333333;0.343633333333333;0.0;0.0;0.0504;0.0
332;11.981133333333332;0.735933333333333;13.5;2014-01-14 20:00:00;333;0.735933333333333;0.735933333333333;0.0;0.0;0.0504;0.0
333;11.283933333333332;0.6972;13.5;2014-01-14 21:00:00;334;0.6972;0.6972;0.0;0.0;0.0504;0.0
334;10.886899999999999;0.397033333333333;13.5;2014-01-14 22:00:00;335;0.397033333333333;0.397033333333333;0.0;0.0;0.0504;0.0
335;10.655533333333333;0.231366666666667;13.5;2014-01-14 23:00:00;336;0.231366666666667;0.231366666666667;0.0;0.0;0.00493;0.0
336;10.42465;0.230883333333333;13.5;2014-01-15 00:00:00;337;0.230883333333333;0.230883333333333;0.0;0.0;0.00493;0.0
337;10.200149999999999;0.2245;13.5;2014-01-15 01:00:00;338;0.2245;0.2245;0.0;0.0;0.00493;0.0
338;9.984666666666666;0.215483333333333;13.5;2014-01-15 02:00:00;339;0.215483333333333;0.215483333333333;0.0;0.0;0.00493;0.0
339;9.766733333333333;0.217933333333333;13.5;2014-01-15 03:00:00;340;0.217933333333333;0.217933333333333;0.0;0.0;0.00493;0.0
340;9.536866666666667;0.229866666666667;13.5;2014-01-15 04:00:00;341;0.229866666666667;0.229866666666667;0.0;0.0;0.00493;0.0
341;9.1802;0.356666666666667;13.5;2014-01-15 05:00:00;342;0.356666666666667;0.356666666666667;0.0;0.0;0.00493;0.0
342;8.4649;0.7153;13.5;2014-01-15 06:00:00;343;0.7153;0.7153;0.0;0.0;0.00493;0.0
343;8.016166666666665;0.455716666666667;13.5;2014-01-15 07:00:00;344;0.455716666666667;0.443716666666667;0.00698333333333333;0.0;0.0504;0.00698333333333333
344;8.278116666666664;0.220583333333333;13.5;2014-01-15 08:00:00;345;0.220583333333333;-0.261966666666667;0.482533333333333;0.0;0.0504;0.482533333333333
345;9.06508333333333;0.210683333333333;13.5;2014-01-15 09:00:00;346;0.210683333333333;-0.787016666666667;0.99765;0.0;0.0504;0.99765
346;10.383383333333333;0.249766666666667;13.5;2014-01-15 10:00:00;347;0.249766666666667;-1.31841666666667;1.56806666666667;0.0;0.0504;1.56806666666667
347;12.260349999999999;0.245033333333333;13.5;2014-01-15 11:00:00;348;0.245033333333333;-1.87705;2.122;0.0;0.0504;2.122
348;13.252266666666667;0.247733333333333;13.5;2014-01-15 12:00:00;349;0.247733333333333;-2.22668333333333;2.47441666666667;0.0;0.0504;1.239650000000001
349;13.26825;0.23175;13.5;2014-01-15 13:00:00;350;0.23175;-2.35785;2.58961666666667;0.0;0.0504;0.2477333333333327
350;13.258583333333332;0.241416666666667;13.5;2014-01-15 14:00:00;351;0.241416666666667;-2.2312;2.47258333333333;0.0;0.0504;0.2317499999999999
351;13.252233333333333;0.247766666666667;13.5;2014-01-15 15:00:00;352;0.247766666666667;-1.87731666666667;2.125;0.0;0.0504;0.24141666666666772
352;13.2658;0.2342;13.5;2014-01-15 16:00:00;353;0.2342;-1.25078333333333;1.48503333333333;0.0;0.0504;0.24776666666666713
353;13.268983333333333;0.231016666666667;13.5;2014-01-15 17:00:00;354;0.231016666666667;-0.199316666666667;0.427933333333333;0.0;0.0504;0.23419999999999952
354;13.055416666666666;0.213566666666667;13.5;2014-01-15 18:00:00;355;0.213566666666667;0.213566666666667;0.0;0.0;0.0504;0.0
355;12.542749999999998;0.512666666666667;13.5;2014-01-15 19:00:00;356;0.512666666666667;0.512666666666667;0.0;0.0;0.0504;0.0
356;12.239983333333331;0.302766666666667;13.5;2014-01-15 20:00:00;357;0.302766666666667;0.302766666666667;0.0;0.0;0.0504;0.0
357;11.31333333333333;0.92665;13.5;2014-01-15 21:00:00;358;0.92665;0.92665;0.0;0.0;0.0504;0.0
358;10.600433333333331;0.7129;13.5;2014-01-15 22:00:00;359;0.7129;0.7129;0.0;0.0;0.0504;0.0
359;10.24885;0.351583333333333;13.5;2014-01-15 23:00:00;360;0.351583333333333;0.351583333333333;0.0;0.0;0.00493;0.0
360;10.02595;0.2229;13.5;2014-01-16 00:00:00;361;0.2229;0.2229;0.0;0.0;0.00493;0.0
361;9.8147;0.21125;13.5;2014-01-16 01:00:00;362;0.21125;0.21125;0.0;0.0;0.00493;0.0
362;9.58465;0.23005;13.5;2014-01-16 02:00:00;363;0.23005;0.23005;0.0;0.0;0.00493;0.0
363;9.233966666666667;0.350683333333333;13.5;2014-01-16 03:00:00;364;0.350683333333333;0.350683333333333;0.0;0.0;0.00493;0.0
364;8.953066666666667;0.2809;13.5;2014-01-16 04:00:00;365;0.2809;0.2809;0.0;0.0;0.00493;0.0
365;8.461066666666667;0.492;13.5;2014-01-16 05:00:00;366;0.492;0.492;0.0;0.0;0.00493;0.0
366;7.768383333333334;0.692683333333333;13.5;2014-01-16 06:00:00;367;0.692683333333333;0.692683333333333;0.0;0.0;0.00493;0.0
367;7.365450000000001;0.410516666666667;13.5;2014-01-16 07:00:00;368;0.410516666666667;0.398166666666667;0.00758333333333333;0.0;0.0504;0.00758333333333333
368;7.600483333333334;0.232416666666667;13.5;2014-01-16 08:00:00;369;0.232416666666667;-0.235083333333333;0.46745;0.0;0.0504;0.46745
369;8.341533333333333;0.238083333333333;13.5;2014-01-16 09:00:00;370;0.238083333333333;-0.741066666666667;0.979133333333333;0.0;0.0504;0.979133333333333
370;9.665433333333334;0.233016666666667;13.5;2014-01-16 10:00:00;371;0.233016666666667;-1.32385;1.55691666666667;0.0;0.0504;1.55691666666667
371;11.564016666666664;0.23245;13.5;2014-01-16 11:00:00;372;0.23245;-1.89868333333333;2.13103333333333;0.0;0.0504;2.13103333333333
372;13.253183333333332;0.246816666666667;13.5;2014-01-16 12:00:00;373;0.246816666666667;-2.21401666666667;2.46085;0.0;0.0504;1.9359833333333363
373;13.230066666666668;0.269933333333333;13.5;2014-01-16 13:00:00;374;0.269933333333333;-2.28135;2.55133333333333;0.0;0.0504;0.24681666666666757
374;13.253033333333333;0.246966666666667;13.5;2014-01-16 14:00:00;375;0.246966666666667;-2.16016666666667;2.40716666666667;0.0;0.0504;0.26993333333333247
375;13.2628;0.2372;13.5;2014-01-16 15:00:00;376;0.2372;-1.79686666666667;2.03406666666667;0.0;0.0504;0.24696666666666722
376;13.281566666666667;0.218433333333333;13.5;2014-01-16 16:00:00;377;0.218433333333333;-1.19438333333333;1.41275;0.0;0.0504;0.23719999999999963
377;13.279033333333333;0.220966666666667;13.5;2014-01-16 17:00:00;378;0.220966666666667;-0.178616666666667;0.3974;0.0;0.0504;0.21843333333333348
378;13.030033333333332;0.249;13.5;2014-01-16 18:00:00;379;0.249;0.249;0.0;0.0;0.0504;0.0
379;12.642149999999999;0.387883333333333;13.5;2014-01-16 19:00:00;380;0.387883333333333;0.387883333333333;0.0;0.0;0.0504;0.0
380;12.34475;0.2974;13.5;2014-01-16 20:00:00;381;0.2974;0.2974;0.0;0.0;0.0504;0.0
381;11.5534;0.79135;13.5;2014-01-16 21:00:00;382;0.79135;0.79135;0.0;0.0;0.0504;0.0
382;10.991133333333332;0.562266666666667;13.5;2014-01-16 22:00:00;383;0.562266666666667;0.562266666666667;0.0;0.0;0.0504;0.0
383;10.56815;0.422983333333333;13.5;2014-01-16 23:00:00;384;0.422983333333333;0.422983333333333;0.0;0.0;0.00493;0.0
384;10.3531;0.21505;13.5;2014-01-17 00:00:00;385;0.21505;0.21505;0.0;0.0;0.00493;0.0
385;10.1227;0.2304;13.5;2014-01-17 01:00:00;386;0.2304;0.2304;0.0;0.0;0.00493;0.0
386;9.888733333333333;0.233966666666667;13.5;2014-01-17 02:00:00;387;0.233966666666667;0.233966666666667;0.0;0.0;0.00493;0.0
387;9.65315;0.235583333333333;13.5;2014-01-17 03:00:00;388;0.235583333333333;0.235583333333333;0.0;0.0;0.00493;0.0
388;9.432783333333333;0.220366666666667;13.5;2014-01-17 04:00:00;389;0.220366666666667;0.220366666666667;0.0;0.0;0.00493;0.0
389;9.007366666666666;0.425416666666667;13.5;2014-01-17 05:00:00;390;0.425416666666667;0.425416666666667;0.0;0.0;0.00493;0.0
390;8.451249999999998;0.556116666666667;13.5;2014-01-17 06:00:00;391;0.556116666666667;0.556116666666667;0.0;0.0;0.00493;0.0
391;7.747483333333332;0.71845;13.5;2014-01-17 07:00:00;392;0.71845;0.698883333333333;0.0146833333333333;0.0;0.0504;0.0146833333333333
392;7.740516666666667;0.414133333333333;13.5;2014-01-17 08:00:00;393;0.414133333333333;0.00701666666666667;0.407166666666667;0.0;0.0504;0.407166666666667
393;8.3384;0.3336;13.5;2014-01-17 09:00:00;394;0.3336;-0.59795;0.931483333333333;0.0;0.0504;0.931483333333333
394;9.614316666666669;0.239;13.5;2014-01-17 10:00:00;395;0.239;-1.27586666666667;1.51491666666667;0.0;0.0504;1.51491666666667
395;11.43065;0.2313;13.5;2014-01-17 11:00:00;396;0.2313;-1.8163;2.04763333333333;0.0;0.0504;2.04763333333333
396;13.246683333333333;0.253316666666667;13.5;2014-01-17 12:00:00;397;0.253316666666667;-2.1099;2.3631;0.0;0.0504;2.06935
397;13.246633333333333;0.253366666666667;13.5;2014-01-17 13:00:00;398;0.253366666666667;-2.24163333333333;2.49501666666667;0.0;0.0504;0.25331666666666663
398;13.253683333333333;0.246316666666667;13.5;2014-01-17 14:00:00;399;0.246316666666667;-2.13998333333333;2.38623333333333;0.0;0.0504;0.2533666666666665
399;13.24025;0.25975;13.5;2014-01-17 15:00:00;400;0.25975;-1.7511;2.01091666666667;0.0;0.0504;0.24631666666666696
400;13.03185;0.46815;13.5;2014-01-17 16:00:00;401;0.46815;-0.864733333333333;1.33296666666667;0.0;0.0504;0.25975000000000037
401;12.724900000000002;0.603183333333333;13.5;2014-01-17 17:00:00;402;0.603183333333333;0.304416666666667;0.296233333333333;0.0;0.0504;0.296233333333333
402;12.257283333333335;0.467616666666667;13.5;2014-01-17 18:00:00;403;0.467616666666667;0.467616666666667;0.0;0.0;0.0504;0.0
403;11.708233333333336;0.54905;13.5;2014-01-17 19:00:00;404;0.54905;0.54905;0.0;0.0;0.0504;0.0
404;10.863250000000003;0.844983333333333;13.5;2014-01-17 20:00:00;405;0.844983333333333;0.844983333333333;0.0;0.0;0.0504;0.0
405;10.153316666666669;0.709933333333333;13.5;2014-01-17 21:00:00;406;0.709933333333333;0.709933333333333;0.0;0.0;0.0504;0.0
406;9.351833333333335;0.801483333333333;13.5;2014-01-17 22:00:00;407;0.801483333333333;0.801483333333333;0.0;0.0;0.0504;0.0
407;8.700366666666667;0.651466666666667;13.5;2014-01-17 23:00:00;408;0.651466666666667;0.651466666666667;0.0;0.0;0.00493;0.0
408;8.219916666666668;0.48045;13.5;2014-01-18 00:00:00;409;0.48045;0.48045;0.0;0.0;0.00493;0.0
409;7.992750000000001;0.227166666666667;13.5;2014-01-18 01:00:00;410;0.227166666666667;0.227166666666667;0.0;0.0;0.00493;0.0
410;7.760100000000001;0.23265;13.5;2014-01-18 02:00:00;411;0.23265;0.23265;0.0;0.0;0.00493;0.0
411;7.410033333333335;0.350066666666667;13.5;2014-01-18 03:00:00;412;0.350066666666667;0.350066666666667;0.0;0.0;0.00493;0.0
412;7.183116666666668;0.226916666666667;13.5;2014-01-18 04:00:00;413;0.226916666666667;0.226916666666667;0.0;0.0;0.00493;0.0
413;6.8599000000000006;0.323216666666667;13.5;2014-01-18 05:00:00;414;0.323216666666667;0.323216666666667;0.0;0.0;0.00493;0.0
414;6.24985;0.61005;13.5;2014-01-18 06:00:00;415;0.61005;0.61005;0.0;0.0;0.00493;0.0
415;5.740466666666666;0.521366666666667;13.5;2014-01-18 07:00:00;416;0.521366666666667;0.504366666666667;0.0119833333333333;0.0;0.0504;0.0119833333333333
416;5.74515;0.443066666666667;13.5;2014-01-18 08:00:00;417;0.443066666666667;-0.00468333333333333;0.44775;0.0;0.0504;0.44775
417;6.250766666666666;0.434183333333333;13.5;2014-01-18 09:00:00;418;0.434183333333333;-0.505566666666667;0.9398;0.0;0.0504;0.9398
418;7.513200000000004;0.235833333333333;13.5;2014-01-18 10:00:00;419;0.235833333333333;-1.26255;1.49826666666667;0.0;0.0504;1.49826666666667
419;9.331333333333333;0.2361;13.5;2014-01-18 11:00:00;420;0.2361;-1.81813333333333;2.05423333333333;0.0;0.0504;2.05423333333333
420;11.50066666666667;0.249083333333333;13.5;2014-01-18 12:00:00;421;0.249083333333333;-2.1693;2.41841666666667;0.0;0.0504;2.41841666666667
421;13.2367;0.2633;13.5;2014-01-18 13:00:00;422;0.2633;-2.28556666666667;2.54895;0.0;0.0504;1.9993333333333307
422;13.258516666666667;0.241483333333333;13.5;2014-01-18 14:00:00;423;0.241483333333333;-2.18585;2.4273;0.0;0.0504;0.2632999999999992
423;13.274816666666666;0.225183333333333;13.5;2014-01-18 15:00:00;424;0.225183333333333;-1.82488333333333;2.04998333333333;0.0;0.0504;0.24148333333333305
424;13.255033333333333;0.244966666666667;13.5;2014-01-18 16:00:00;425;0.244966666666667;-1.12601666666667;1.37096666666667;0.0;0.0504;0.22518333333333374
425;13.27055;0.22945;13.5;2014-01-18 17:00:00;426;0.22945;-0.142466666666667;0.37015;0.0;0.0504;0.24496666666666655
426;12.616216666666666;0.654333333333333;13.5;2014-01-18 18:00:00;427;0.654333333333333;0.654333333333333;0.0;0.0;0.0504;0.0
427;11.853116666666667;0.7631;13.5;2014-01-18 19:00:00;428;0.7631;0.7631;0.0;0.0;0.0504;0.0
428;11.115583333333333;0.737533333333333;13.5;2014-01-18 20:00:00;429;0.737533333333333;0.737533333333333;0.0;0.0;0.0504;0.0
429;10.311233333333334;0.80435;13.5;2014-01-18 21:00:00;430;0.80435;0.80435;0.0;0.0;0.0504;0.0
430;9.511416666666667;0.799816666666667;13.5;2014-01-18 22:00:00;431;0.799816666666667;0.799816666666667;0.0;0.0;0.0504;0.0
431;9.071316666666668;0.4401;13.5;2014-01-18 23:00:00;432;0.4401;0.4401;0.0;0.0;0.00493;0.0
432;8.842983333333335;0.228333333333333;13.5;2014-01-19 00:00:00;433;0.228333333333333;0.228333333333333;0.0;0.0;0.00493;0.0
433;8.606266666666668;0.236716666666667;13.5;2014-01-19 01:00:00;434;0.236716666666667;0.236716666666667;0.0;0.0;0.00493;0.0
434;8.378683333333335;0.227583333333333;13.5;2014-01-19 02:00:00;435;0.227583333333333;0.227583333333333;0.0;0.0;0.00493;0.0
435;8.142116666666668;0.236566666666667;13.5;2014-01-19 03:00:00;436;0.236566666666667;0.236566666666667;0.0;0.0;0.00493;0.0
436;7.887600000000001;0.254516666666667;13.5;2014-01-19 04:00:00;437;0.254516666666667;0.254516666666667;0.0;0.0;0.00493;0.0
437;7.519633333333334;0.367966666666667;13.5;2014-01-19 05:00:00;438;0.367966666666667;0.367966666666667;0.0;0.0;0.00493;0.0
438;6.908216666666667;0.611416666666667;13.5;2014-01-19 06:00:00;439;0.611416666666667;0.611416666666667;0.0;0.0;0.00493;0.0
439;6.67865;0.24475;13.5;2014-01-19 07:00:00;440;0.24475;0.225266666666667;0.0151833333333333;0.0;0.0504;0.0151833333333333
440;6.887983333333333;0.24575;13.5;2014-01-19 08:00:00;441;0.24575;-0.209366666666667;0.455083333333333;0.0;0.0504;0.455083333333333
441;7.605049999999999;0.241733333333333;13.5;2014-01-19 09:00:00;442;0.241733333333333;-0.71715;0.9588;0.0;0.0504;0.9588
442;8.862300000000003;0.257916666666667;13.5;2014-01-19 10:00:00;443;0.257916666666667;-1.25723333333333;1.51516666666667;0.0;0.0504;1.51516666666667
443;10.10301666666667;0.811683333333333;13.5;2014-01-19 11:00:00;444;0.811683333333333;-1.24068333333333;2.0524;0.0;0.0504;2.0524
444;12.036850000000001;0.45595;13.5;2014-01-19 12:00:00;445;0.45595;-1.93376666666667;2.38978333333333;0.0;0.0504;2.38978333333333
445;13.1038;0.3962;13.5;2014-01-19 13:00:00;446;0.3962;-2.10731666666667;2.50346666666667;0.0;0.0504;1.4631499999999988
446;13.107933333333333;0.392066666666667;13.5;2014-01-19 14:00:00;447;0.392066666666667;-1.99676666666667;2.38878333333333;0.0;0.0504;0.39620000000000033
447;13.0958;0.4042;13.5;2014-01-19 15:00:00;448;0.4042;-1.65883333333333;2.06306666666667;0.0;0.0504;0.39206666666666656
448;13.02705;0.47295;13.5;2014-01-19 16:00:00;449;0.47295;-0.936166666666667;1.40918333333333;0.0;0.0504;0.40419999999999945
449;12.710033333333334;0.677966666666667;13.5;2014-01-19 17:00:00;450;0.677966666666667;0.3141;0.36095;0.0;0.0504;0.36095
450;12.127166666666666;0.582866666666667;13.5;2014-01-19 18:00:00;451;0.582866666666667;0.582866666666667;0.0;0.0;0.0504;0.0
451;11.629966666666666;0.4972;13.5;2014-01-19 19:00:00;452;0.4972;0.4972;0.0;0.0;0.0504;0.0
452;10.954133333333333;0.675833333333333;13.5;2014-01-19 20:00:00;453;0.675833333333333;0.675833333333333;0.0;0.0;0.0504;0.0
453;10.310716666666666;0.643416666666667;13.5;2014-01-19 21:00:00;454;0.643416666666667;0.643416666666667;0.0;0.0;0.0504;0.0
454;9.795516666666666;0.5152;13.5;2014-01-19 22:00:00;455;0.5152;0.5152;0.0;0.0;0.0504;0.0
455;9.531766666666666;0.26375;13.5;2014-01-19 23:00:00;456;0.26375;0.26375;0.0;0.0;0.00493;0.0
456;9.26325;0.268516666666667;13.5;2014-01-20 00:00:00;457;0.268516666666667;0.268516666666667;0.0;0.0;0.00493;0.0
457;8.893183333333333;0.370066666666667;13.5;2014-01-20 01:00:00;458;0.370066666666667;0.370066666666667;0.0;0.0;0.00493;0.0
458;8.658383333333333;0.2348;13.5;2014-01-20 02:00:00;459;0.2348;0.2348;0.0;0.0;0.00493;0.0
459;8.441666666666666;0.216716666666667;13.5;2014-01-20 03:00:00;460;0.216716666666667;0.216716666666667;0.0;0.0;0.00493;0.0
460;8.214166666666667;0.2275;13.5;2014-01-20 04:00:00;461;0.2275;0.2275;0.0;0.0;0.00493;0.0
461;7.694783333333334;0.519383333333333;13.5;2014-01-20 05:00:00;462;0.519383333333333;0.519383333333333;0.0;0.0;0.00493;0.0
462;7.297983333333335;0.3968;13.5;2014-01-20 06:00:00;463;0.3968;0.3968;0.0;0.0;0.00493;0.0
463;6.915116666666667;0.402066666666667;13.5;2014-01-20 07:00:00;464;0.402066666666667;0.378766666666667;0.0192;0.0;0.0504;0.0192
464;7.109833333333334;0.21055;13.5;2014-01-20 08:00:00;465;0.21055;-0.194833333333333;0.405266666666667;0.0;0.0504;0.405266666666667
465;7.8312333333333335;0.213133333333333;13.5;2014-01-20 09:00:00;466;0.213133333333333;-0.721383333333333;0.934533333333333;0.0;0.0504;0.934533333333333
466;9.11756666666667;0.201883333333333;13.5;2014-01-20 10:00:00;467;0.201883333333333;-1.28636666666667;1.48821666666667;0.0;0.0504;1.48821666666667
467;10.939600000000008;0.222633333333333;13.5;2014-01-20 11:00:00;468;0.222633333333333;-1.82205;2.04466666666667;0.0;0.0504;2.04466666666667
468;13.106600000000004;0.226733333333333;13.5;2014-01-20 12:00:00;469;0.226733333333333;-2.16706666666667;2.39373333333333;0.0;0.0504;2.39373333333333
469;13.2644;0.2356;13.5;2014-01-20 13:00:00;470;0.2356;-2.27233333333333;2.50791666666667;0.0;0.0504;0.3933999999999962
470;13.26795;0.23205;13.5;2014-01-20 14:00:00;471;0.23205;-2.12456666666667;2.3567;0.0;0.0504;0.2355999999999998
471;13.291833333333333;0.208166666666667;13.5;2014-01-20 15:00:00;472;0.208166666666667;-1.77916666666667;1.9873;0.0;0.0504;0.2320499999999992
472;13.285316666666667;0.214683333333333;13.5;2014-01-20 16:00:00;473;0.214683333333333;-1.20511666666667;1.41975;0.0;0.0504;0.20816666666666706
473;13.293816666666666;0.206183333333333;13.5;2014-01-20 17:00:00;474;0.206183333333333;-0.249033333333333;0.454333333333333;0.0;0.0504;0.21468333333333334
474;13.080816666666667;0.213;13.5;2014-01-20 18:00:00;475;0.213;0.213;0.0;0.0;0.0504;0.0
475;12.765983333333335;0.314833333333333;13.5;2014-01-20 19:00:00;476;0.314833333333333;0.314833333333333;0.0;0.0;0.0504;0.0
476;12.060500000000001;0.705483333333333;13.5;2014-01-20 20:00:00;477;0.705483333333333;0.705483333333333;0.0;0.0;0.0504;0.0
477;11.269566666666668;0.790933333333333;13.5;2014-01-20 21:00:00;478;0.790933333333333;0.790933333333333;0.0;0.0;0.0504;0.0
478;10.51945;0.750116666666667;13.5;2014-01-20 22:00:00;479;0.750116666666667;0.750116666666667;0.0;0.0;0.0504;0.0
479;10.200333333333333;0.319116666666667;13.5;2014-01-20 23:00:00;480;0.319116666666667;0.319116666666667;0.0;0.0;0.00493;0.0
