;battCharge;battDischarge;batteryCapacity;dateTime;hourlyPrices;id;loadCons;loadGrid;loadProd;newGrid;priceThreshold;prices;prodUsage
0;0.0;0.0;13.5;2014-01-01 00:00:00;0.00493;1;0.211483333333333;0.211483333333333;0.0;0.211483333333333;0.00493;0.00493;0.0
1;0.0;0.0;13.5;2014-01-01 01:00:00;0.00493;2;0.278033333333333;0.278033333333333;0.0;0.278033333333333;0.00493;0.00493;0.0
2;0.0;0.0;13.5;2014-01-01 02:00:00;0.00493;3;0.34985;0.34985;0.0;0.34985;0.00493;0.00493;0.0
3;0.0;0.0;13.5;2014-01-01 03:00:00;0.00493;4;0.348516666666667;0.348516666666667;0.0;0.348516666666667;0.00493;0.00493;0.0
4;0.0;0.0;13.5;2014-01-01 04:00:00;0.00493;5;0.350966666666667;0.350966666666667;0.0;0.350966666666667;0.00493;0.00493;0.0
5;0.0;0.0;13.5;2014-01-01 05:00:00;0.00493;6;0.32765;0.32765;0.0;0.32765;0.00493;0.00493;0.0
6;0.0;0.0;13.5;2014-01-01 06:00:00;0.00493;7;0.633266666666667;0.633266666666667;0.0;0.633266666666667;0.00493;0.00493;0.0
7;0.0;0.00321666666666667;13.5;2014-01-01 07:00:00;0.0504;8;0.62965;0.620266666666667;0.00321666666666667;0.6264333333333334;0.00493;0.0504;0.00321666666666667
8;0.108383333333334;0.356183333333333;13.5;2014-01-01 08:00:00;0.0504;9;0.356183333333333;-0.1084;0.464566666666667;0.0;0.00493;0.0504;0.464566666666667
9;0.799616666666668;0.259683333333333;13.5;2014-01-01 09:00:00;0.0504;10;0.259683333333333;-0.691183333333333;0.950916666666667;0.0;0.00493;0.0504;0.950916666666667
10;1.810216666666671;0.500016666666667;13.5;2014-01-01 10:00:00;0.0504;11;0.500016666666667;-1.01063333333333;1.51061666666667;0.0;0.00493;0.0504;1.51061666666667
11;2.637083333333341;0.49705;13.5;2014-01-01 11:00:00;0.0504;12;0.49705;-0.826933333333333;1.32391666666667;0.0;0.00493;0.0504;1.32391666666667
12;3.396250000000011;0.3587;13.5;2014-01-01 12:00:00;0.0504;13;0.3587;-0.759116666666667;1.11786666666667;0.0;0.00493;0.0504;1.11786666666667
13;4.334716666666674;0.699866666666667;13.5;2014-01-01 13:00:00;0.0504;14;0.699866666666667;-0.938533333333333;1.63833333333333;0.0;0.00493;0.0504;1.63833333333333
14;5.5994166666666745;0.34955;13.5;2014-01-01 14:00:00;0.0504;15;0.34955;-1.26461666666667;1.61425;0.0;0.00493;0.0504;1.61425
15;5.758600000000009;0.428783333333333;13.5;2014-01-01 15:00:00;0.0504;16;0.428783333333333;-0.159283333333333;0.587966666666667;0.0;0.00493;0.0504;0.587966666666667
16;5.667866666666676;0.465083333333333;13.5;2014-01-01 16:00:00;0.0504;17;0.465083333333333;0.0907;0.37435;0.0;0.00493;0.0504;0.37435
17;5.112450000000009;0.698766666666667;13.5;2014-01-01 17:00:00;0.0504;18;0.698766666666667;0.5473;0.14335;0.0;0.00493;0.0504;0.14335
18;4.5238000000000085;0.58865;13.5;2014-01-01 18:00:00;0.0504;19;0.58865;0.58865;0.0;0.0;0.00493;0.0504;0.0
19;4.076683333333341;0.447116666666667;13.5;2014-01-01 19:00:00;0.0504;20;0.447116666666667;0.447116666666667;0.0;0.0;0.00493;0.0504;0.0
20;3.5022333333333413;0.57445;13.5;2014-01-01 20:00:00;0.0504;21;0.57445;0.57445;0.0;0.0;0.00493;0.0504;0.0
21;3.0302666666666744;0.471966666666667;13.5;2014-01-01 21:00:00;0.0504;22;0.471966666666667;0.471966666666667;0.0;0.0;0.00493;0.0504;0.0
22;2.5862166666666746;0.44405;13.5;2014-01-01 22:00:00;0.0504;23;0.44405;0.44405;0.0;0.0;0.00493;0.0504;0.0
23;2.5862166666666746;0.0;13.5;2014-01-01 23:00:00;0.00493;24;0.536633333333333;0.536633333333333;0.0;0.536633333333333;0.00493;0.00493;0.0
24;2.5862166666666746;0.0;13.5;2014-01-02 00:00:00;0.00493;25;0.251233333333333;0.251233333333333;0.0;0.251233333333333;0.00493;0.00493;0.0
25;2.5862166666666746;0.0;13.5;2014-01-02 01:00:00;0.00493;26;0.23475;0.23475;0.0;0.23475;0.00493;0.00493;0.0
26;2.5862166666666746;0.0;13.5;2014-01-02 02:00:00;0.00493;27;0.233016666666667;0.233016666666667;0.0;0.233016666666667;0.00493;0.00493;0.0
27;2.5862166666666746;0.0;13.5;2014-01-02 03:00:00;0.00493;28;0.244233333333333;0.244233333333333;0.0;0.244233333333333;0.00493;0.00493;0.0
28;2.5862166666666746;0.0;13.5;2014-01-02 04:00:00;0.00493;29;0.253616666666667;0.253616666666667;0.0;0.253616666666667;0.00493;0.00493;0.0
29;2.5862166666666746;0.0;13.5;2014-01-02 05:00:00;0.00493;30;0.388033333333333;0.388033333333333;0.0;0.388033333333333;0.00493;0.00493;0.0
30;2.5862166666666746;0.0;13.5;2014-01-02 06:00:00;0.00493;31;0.728216666666667;0.728216666666667;0.0;0.728216666666667;0.00493;0.00493;0.0
31;2.2600500000000086;0.335883333333333;13.5;2014-01-02 07:00:00;0.0504;32;0.335883333333333;0.321483333333333;0.00971666666666667;0.0;0.00493;0.0504;0.00971666666666667
32;2.3747166666666755;0.2404;13.5;2014-01-02 08:00:00;0.0504;33;0.2404;-0.1145;0.355066666666667;0.0;0.00493;0.0504;0.355066666666667
33;3.1195166666666756;0.237933333333333;13.5;2014-01-02 09:00:00;0.0504;34;0.237933333333333;-0.74475;0.982733333333333;0.0;0.00493;0.0504;0.982733333333333
34;4.549600000000013;0.211433333333333;13.5;2014-01-02 10:00:00;0.0504;35;0.211433333333333;-1.43013333333333;1.64151666666667;0.0;0.00493;0.0504;1.64151666666667
35;6.490383333333344;0.2419;13.5;2014-01-02 11:00:00;0.0504;36;0.2419;-1.9408;2.18268333333333;0.0;0.00493;0.0504;2.18268333333333
36;8.728300000000013;0.2616;13.5;2014-01-02 12:00:00;0.0504;37;0.2616;-2.23783333333333;2.49951666666667;0.0;0.00493;0.0504;2.49951666666667
37;10.954866666666677;0.243366666666667;13.5;2014-01-02 13:00:00;0.0504;38;0.243366666666667;-2.22648333333333;2.46993333333333;0.0;0.00493;0.0504;2.46993333333333
38;12.85336666666668;0.212166666666667;13.5;2014-01-02 14:00:00;0.0504;39;0.212166666666667;-1.89848333333333;2.11066666666667;0.0;0.00493;0.0504;2.11066666666667
39;13.5;0.2333;13.5;2014-01-02 15:00:00;0.0504;40;0.2333;-1.52275;1.7559;0.0;0.00493;0.0504;0.879933333333319
40;13.5;0.255466666666667;13.5;2014-01-02 16:00:00;0.0504;41;0.255466666666667;-0.967166666666667;1.22256666666667;0.0;0.00493;0.0504;0.25546666666666784
41;13.5;0.218333333333333;13.5;2014-01-02 17:00:00;0.0504;42;0.218333333333333;-0.0515666666666667;0.266516666666667;0.0;0.00493;0.0504;0.21833333333333288
42;13.301333333333332;0.198666666666667;13.5;2014-01-02 18:00:00;0.0504;43;0.198666666666667;0.198666666666667;0.0;0.0;0.00493;0.0504;0.0
43;12.777349999999998;0.523983333333333;13.5;2014-01-02 19:00:00;0.0504;44;0.523983333333333;0.523983333333333;0.0;0.0;0.00493;0.0504;0.0
44;11.752883333333328;1.02446666666667;13.5;2014-01-02 20:00:00;0.0504;45;1.02446666666667;1.02446666666667;0.0;0.0;0.00493;0.0504;0.0
45;11.11346666666666;0.639416666666667;13.5;2014-01-02 21:00:00;0.0504;46;0.639416666666667;0.639416666666667;0.0;0.0;0.00493;0.0504;0.0
46;10.294333333333327;0.819133333333333;13.5;2014-01-02 22:00:00;0.0504;47;0.819133333333333;0.819133333333333;0.0;0.0;0.00493;0.0504;0.0
47;10.294333333333327;0.0;13.5;2014-01-02 23:00:00;0.00493;48;0.255683333333333;0.255683333333333;0.0;0.255683333333333;0.00493;0.00493;0.0
48;10.294333333333327;0.0;13.5;2014-01-03 00:00:00;0.00493;49;0.2125;0.2125;0.0;0.2125;0.00493;0.00493;0.0
49;10.294333333333327;0.0;13.5;2014-01-03 01:00:00;0.00493;50;0.330666666666667;0.330666666666667;0.0;0.330666666666667;0.00493;0.00493;0.0
50;10.294333333333327;0.0;13.5;2014-01-03 02:00:00;0.00493;51;0.346283333333333;0.346283333333333;0.0;0.346283333333333;0.00493;0.00493;0.0
51;10.294333333333327;0.0;13.5;2014-01-03 03:00:00;0.00493;52;0.360333333333333;0.360333333333333;0.0;0.360333333333333;0.00493;0.00493;0.0
52;10.294333333333327;0.0;13.5;2014-01-03 04:00:00;0.00493;53;0.3478;0.3478;0.0;0.3478;0.00493;0.00493;0.0
53;10.294333333333327;0.0;13.5;2014-01-03 05:00:00;0.00493;54;0.348916666666667;0.348916666666667;0.0;0.348916666666667;0.00493;0.00493;0.0
54;10.294333333333327;0.0;13.5;2014-01-03 06:00:00;0.00493;55;0.728716666666667;0.728716666666667;0.0;0.728716666666667;0.00493;0.00493;0.0
55;9.774299999999995;0.52525;13.5;2014-01-03 07:00:00;0.0504;56;0.52525;0.514733333333333;0.00521666666666667;0.0;0.00493;0.0504;0.00521666666666667
56;10.060399999999994;0.239983333333333;13.5;2014-01-03 08:00:00;0.0504;57;0.239983333333333;-0.28615;0.526083333333333;0.0;0.00493;0.0504;0.526083333333333
57;10.851966666666662;0.247733333333333;13.5;2014-01-03 09:00:00;0.0504;58;0.247733333333333;-0.7915;1.0393;0.0;0.00493;0.0504;1.0393
58;12.243483333333334;0.232;13.5;2014-01-03 10:00:00;0.0504;59;0.232;-1.3914;1.62351666666667;0.0;0.00493;0.0504;1.62351666666667
59;13.5;0.2178;13.5;2014-01-03 11:00:00;0.0504;60;0.2178;-1.97068333333333;2.18841666666667;0.0;0.00493;0.0504;1.4743166666666663
60;13.5;0.373116666666667;13.5;2014-01-03 12:00:00;0.0504;61;0.373116666666667;-2.16116666666667;2.53428333333333;0.0;0.00493;0.0504;0.37311666666666543
61;13.5;0.297633333333333;13.5;2014-01-03 13:00:00;0.0504;62;0.297633333333333;-2.37076666666667;2.66836666666667;0.0;0.00493;0.0504;0.29763333333333275
62;13.5;0.246566666666667;13.5;2014-01-03 14:00:00;0.0504;63;0.246566666666667;-2.29008333333333;2.53665;0.0;0.00493;0.0504;0.2465666666666646
63;13.5;0.227033333333333;13.5;2014-01-03 15:00:00;0.0504;64;0.227033333333333;-1.91521666666667;2.14213333333333;0.0;0.00493;0.0504;0.22703333333333298
64;13.5;0.227183333333333;13.5;2014-01-03 16:00:00;0.0504;65;0.227183333333333;-1.2015;1.42875;0.0;0.00493;0.0504;0.22718333333333174
65;13.5;0.228483333333333;13.5;2014-01-03 17:00:00;0.0504;66;0.228483333333333;-0.0675666666666667;0.289783333333333;0.0;0.00493;0.0504;0.22848333333333376
66;13.272283333333332;0.227716666666667;13.5;2014-01-03 18:00:00;0.0504;67;0.227716666666667;0.227716666666667;0.0;0.0;0.00493;0.0504;0.0
67;12.671533333333333;0.60075;13.5;2014-01-03 19:00:00;0.0504;68;0.60075;0.60075;0.0;0.0;0.00493;0.0504;0.0
68;11.71935;0.952183333333333;13.5;2014-01-03 20:00:00;0.0504;69;0.952183333333333;0.952183333333333;0.0;0.0;0.00493;0.0504;0.0
69;10.927016666666667;0.792333333333333;13.5;2014-01-03 21:00:00;0.0504;70;0.792333333333333;0.792333333333333;0.0;0.0;0.00493;0.0504;0.0
70;10.201433333333334;0.725583333333333;13.5;2014-01-03 22:00:00;0.0504;71;0.725583333333333;0.725583333333333;0.0;0.0;0.00493;0.0504;0.0
71;10.201433333333334;0.0;13.5;2014-01-03 23:00:00;0.00493;72;0.623966666666667;0.623966666666667;0.0;0.623966666666667;0.00493;0.00493;0.0
72;10.201433333333334;0.0;13.5;2014-01-04 00:00:00;0.00493;73;0.3525;0.3525;0.0;0.3525;0.00493;0.00493;0.0
73;10.201433333333334;0.0;13.5;2014-01-04 01:00:00;0.00493;74;0.311216666666667;0.311216666666667;0.0;0.311216666666667;0.00493;0.00493;0.0
74;10.201433333333334;0.0;13.5;2014-01-04 02:00:00;0.00493;75;0.331416666666667;0.331416666666667;0.0;0.331416666666667;0.00493;0.00493;0.0
75;10.201433333333334;0.0;13.5;2014-01-04 03:00:00;0.00493;76;0.248083333333333;0.248083333333333;0.0;0.248083333333333;0.00493;0.00493;0.0
76;10.201433333333334;0.0;13.5;2014-01-04 04:00:00;0.00493;77;0.350716666666667;0.350716666666667;0.0;0.350716666666667;0.00493;0.00493;0.0
77;10.201433333333334;0.0;13.5;2014-01-04 05:00:00;0.00493;78;0.338016666666667;0.338016666666667;0.0;0.338016666666667;0.00493;0.00493;0.0
78;10.201433333333334;0.0;13.5;2014-01-04 06:00:00;0.00493;79;0.812216666666667;0.812216666666667;0.0;0.812216666666667;0.00493;0.00493;0.0
79;9.668916666666668;0.540666666666667;13.5;2014-01-04 07:00:00;0.0504;80;0.540666666666667;0.5272;0.00815;0.0;0.00493;0.0504;0.00815
80;9.728866666666669;0.384466666666667;13.5;2014-01-04 08:00:00;0.0504;81;0.384466666666667;-0.0598666666666667;0.444416666666667;0.0;0.00493;0.0504;0.444416666666667
81;10.364300000000002;0.31805;13.5;2014-01-04 09:00:00;0.0504;82;0.31805;-0.6354;0.953483333333333;0.0;0.00493;0.0504;0.953483333333333
82;11.294483333333336;0.439166666666667;13.5;2014-01-04 10:00:00;0.0504;83;0.439166666666667;-0.9301;1.36935;0.0;0.00493;0.0504;1.36935
83;12.607783333333332;0.242683333333333;13.5;2014-01-04 11:00:00;0.0504;84;0.242683333333333;-1.31323333333333;1.55598333333333;0.0;0.00493;0.0504;1.55598333333333
84;13.5;0.25235;13.5;2014-01-04 12:00:00;0.0504;85;0.25235;-2.14621666666667;2.39845;0.0;0.00493;0.0504;1.1445666666666674
85;13.5;0.290883333333333;13.5;2014-01-04 13:00:00;0.0504;86;0.290883333333333;-2.15713333333333;2.44801666666667;0.0;0.00493;0.0504;0.2908833333333338
86;13.5;0.413916666666667;13.5;2014-01-04 14:00:00;0.0504;87;0.413916666666667;-1.93981666666667;2.35363333333333;0.0;0.00493;0.0504;0.41391666666666627
87;13.5;0.306833333333333;13.5;2014-01-04 15:00:00;0.0504;88;0.306833333333333;-1.15781666666667;1.46461666666667;0.0;0.00493;0.0504;0.30683333333333374
88;13.5;0.620933333333333;13.5;2014-01-04 16:00:00;0.0504;89;0.620933333333333;-0.644866666666667;1.26585;0.0;0.00493;0.0504;0.6209333333333329
89;13.035683333333333;0.587283333333333;13.5;2014-01-04 17:00:00;0.0504;90;0.587283333333333;0.454766666666667;0.122966666666667;0.0;0.00493;0.0504;0.122966666666667
90;12.091766666666667;0.943916666666667;13.5;2014-01-04 18:00:00;0.0504;91;0.943916666666667;0.943916666666667;0.0;0.0;0.00493;0.0504;0.0
91;11.174833333333334;0.916933333333333;13.5;2014-01-04 19:00:00;0.0504;92;0.916933333333333;0.916933333333333;0.0;0.0;0.00493;0.0504;0.0
92;10.452716666666667;0.722116666666667;13.5;2014-01-04 20:00:00;0.0504;93;0.722116666666667;0.722116666666667;0.0;0.0;0.00493;0.0504;0.0
93;9.693083333333334;0.759633333333333;13.5;2014-01-04 21:00:00;0.0504;94;0.759633333333333;0.759633333333333;0.0;0.0;0.00493;0.0504;0.0
94;8.942333333333334;0.75075;13.5;2014-01-04 22:00:00;0.0504;95;0.75075;0.75075;0.0;0.0;0.00493;0.0504;0.0
95;8.942333333333334;0.0;13.5;2014-01-04 23:00:00;0.00493;96;0.3723;0.3723;0.0;0.3723;0.00493;0.00493;0.0
96;8.942333333333334;0.0;13.5;2014-01-05 00:00:00;0.00493;97;0.232533333333333;0.232533333333333;0.0;0.232533333333333;0.00493;0.00493;0.0
97;8.942333333333334;0.0;13.5;2014-01-05 01:00:00;0.00493;98;0.23885;0.23885;0.0;0.23885;0.00493;0.00493;0.0
98;8.942333333333334;0.0;13.5;2014-01-05 02:00:00;0.00493;99;0.237766666666667;0.237766666666667;0.0;0.237766666666667;0.00493;0.00493;0.0
99;8.942333333333334;0.0;13.5;2014-01-05 03:00:00;0.00493;100;0.236433333333333;0.236433333333333;0.0;0.236433333333333;0.00493;0.00493;0.0
100;8.942333333333334;0.0;13.5;2014-01-05 04:00:00;0.00493;101;0.426866666666667;0.426866666666667;0.0;0.426866666666667;0.00493;0.00493;0.0
101;8.942333333333334;0.0;13.5;2014-01-05 05:00:00;0.00493;102;0.63335;0.63335;0.0;0.63335;0.00493;0.00493;0.0
102;8.942333333333334;0.0;13.5;2014-01-05 06:00:00;0.00493;103;0.270666666666667;0.270666666666667;0.0;0.270666666666667;0.00493;0.00493;0.0
103;8.564766666666669;0.400383333333333;13.5;2014-01-05 07:00:00;0.0504;104;0.400383333333333;0.37325;0.0228166666666667;0.0;0.00493;0.0504;0.0228166666666667
104;8.654066666666669;0.22765;13.5;2014-01-05 08:00:00;0.0504;105;0.22765;-0.0892833333333333;0.31695;0.0;0.00493;0.0504;0.31695
105;8.997700000000002;0.221383333333333;13.5;2014-01-05 09:00:00;0.0504;106;0.221383333333333;-0.343633333333333;0.565016666666667;0.0;0.00493;0.0504;0.565016666666667
106;10.369100000000005;0.233916666666667;13.5;2014-01-05 10:00:00;0.0504;107;0.233916666666667;-1.3714;1.60531666666667;0.0;0.00493;0.0504;1.60531666666667
107;11.744016666666672;0.705033333333333;13.5;2014-01-05 11:00:00;0.0504;108;0.705033333333333;-1.37503333333333;2.07995;0.0;0.00493;0.0504;2.07995
108;13.5;0.294666666666667;13.5;2014-01-05 12:00:00;0.0504;109;0.294666666666667;-2.25748333333333;2.55206666666667;0.0;0.00493;0.0504;2.0506499999999934
109;13.5;0.551866666666667;13.5;2014-01-05 13:00:00;0.0504;110;0.551866666666667;-2.14735;2.69916666666667;0.0;0.00493;0.0504;0.5518666666666667
110;13.5;0.574283333333333;13.5;2014-01-05 14:00:00;0.0504;111;0.574283333333333;-2.02135;2.59558333333333;0.0;0.00493;0.0504;0.5742833333333333
111;13.5;0.612216666666667;13.5;2014-01-05 15:00:00;0.0504;112;0.612216666666667;-1.50741666666667;2.11963333333333;0.0;0.00493;0.0504;0.6122166666666677
112;13.5;0.661316666666667;13.5;2014-01-05 16:00:00;0.0504;113;0.661316666666667;-0.591633333333333;1.25291666666667;0.0;0.00493;0.0504;0.6613166666666668
113;12.83005;0.747066666666667;13.5;2014-01-05 17:00:00;0.0504;114;0.747066666666667;0.660466666666667;0.0771166666666667;0.0;0.00493;0.0504;0.0771166666666667
114;12.037366666666667;0.792683333333333;13.5;2014-01-05 18:00:00;0.0504;115;0.792683333333333;0.792683333333333;0.0;0.0;0.00493;0.0504;0.0
115;11.208583333333333;0.828783333333333;13.5;2014-01-05 19:00:00;0.0504;116;0.828783333333333;0.828783333333333;0.0;0.0;0.00493;0.0504;0.0
116;10.43875;0.769833333333333;13.5;2014-01-05 20:00:00;0.0504;117;0.769833333333333;0.769833333333333;0.0;0.0;0.00493;0.0504;0.0
117;9.490450000000001;0.9483;13.5;2014-01-05 21:00:00;0.0504;118;0.9483;0.9483;0.0;0.0;0.00493;0.0504;0.0
118;8.733133333333335;0.757316666666667;13.5;2014-01-05 22:00:00;0.0504;119;0.757316666666667;0.757316666666667;0.0;0.0;0.00493;0.0504;0.0
119;8.733133333333335;0.0;13.5;2014-01-05 23:00:00;0.00493;120;0.3129;0.3129;0.0;0.3129;0.00493;0.00493;0.0
120;8.733133333333335;0.0;13.5;2014-01-06 00:00:00;0.00493;121;0.2962;0.2962;0.0;0.2962;0.00493;0.00493;0.0
121;8.733133333333335;0.0;13.5;2014-01-06 01:00:00;0.00493;122;0.337483333333333;0.337483333333333;0.0;0.337483333333333;0.00493;0.00493;0.0
122;8.733133333333335;0.0;13.5;2014-01-06 02:00:00;0.00493;123;0.4104;0.4104;0.0;0.4104;0.00493;0.00493;0.0
123;8.733133333333335;0.0;13.5;2014-01-06 03:00:00;0.00493;124;0.414033333333333;0.414033333333333;0.0;0.414033333333333;0.00493;0.00493;0.0
124;8.733133333333335;0.0;13.5;2014-01-06 04:00:00;0.00493;125;0.430316666666667;0.430316666666667;0.0;0.430316666666667;0.00493;0.00493;0.0
125;8.733133333333335;0.0;13.5;2014-01-06 05:00:00;0.00493;126;0.4512;0.4512;0.0;0.4512;0.00493;0.00493;0.0
126;8.733133333333335;0.0;13.5;2014-01-06 06:00:00;0.00493;127;1.08933333333333;1.08933333333333;0.0;1.08933333333333;0.00493;0.00493;0.0
127;7.973483333333335;0.764133333333333;13.5;2014-01-06 07:00:00;0.0504;128;0.764133333333333;0.7537;0.00448333333333333;0.0;0.00493;0.0504;0.00448333333333333
128;8.059716666666667;0.227766666666667;13.5;2014-01-06 08:00:00;0.0504;129;0.227766666666667;-0.0862;0.314;0.0;0.00493;0.0504;0.314
129;8.507233333333334;0.271933333333333;13.5;2014-01-06 09:00:00;0.0504;130;0.271933333333333;-0.447516666666667;0.71945;0.0;0.00493;0.0504;0.71945
130;9.173216666666667;0.431066666666667;13.5;2014-01-06 10:00:00;0.0504;131;0.431066666666667;-0.665966666666667;1.09705;0.0;0.00493;0.0504;1.09705
131;10.332883333333335;0.255483333333333;13.5;2014-01-06 11:00:00;0.0504;132;0.255483333333333;-1.1597;1.41515;0.0;0.00493;0.0504;1.41515
132;11.541650000000002;0.221133333333333;13.5;2014-01-06 12:00:00;0.0504;133;0.221133333333333;-1.20888333333333;1.4299;0.0;0.00493;0.0504;1.4299
133;13.257083333333332;0.2284;13.5;2014-01-06 13:00:00;0.0504;134;0.2284;-1.71535;1.94383333333333;0.0;0.00493;0.0504;1.94383333333333
134;13.5;0.255433333333333;13.5;2014-01-06 14:00:00;0.0504;135;0.255433333333333;-1.63246666666667;1.88793333333333;0.0;0.00493;0.0504;0.49835000000000096
135;13.5;0.2212;13.5;2014-01-06 15:00:00;0.0504;136;0.2212;-1.16706666666667;1.38828333333333;0.0;0.00493;0.0504;0.2211999999999994
136;13.5;0.214866666666667;13.5;2014-01-06 16:00:00;0.0504;137;0.214866666666667;-0.3321;0.54695;0.0;0.00493;0.0504;0.21486666666666676
137;13.296650000000001;0.2427;13.5;2014-01-06 17:00:00;0.0504;138;0.2427;0.1938;0.03935;0.0;0.00493;0.0504;0.03935
138;13.015366666666669;0.281283333333333;13.5;2014-01-06 18:00:00;0.0504;139;0.281283333333333;0.281283333333333;0.0;0.0;0.00493;0.0504;0.0
139;12.486750000000002;0.528616666666667;13.5;2014-01-06 19:00:00;0.0504;140;0.528616666666667;0.528616666666667;0.0;0.0;0.00493;0.0504;0.0
140;11.498950000000002;0.9878;13.5;2014-01-06 20:00:00;0.0504;141;0.9878;0.9878;0.0;0.0;0.00493;0.0504;0.0
141;10.383650000000003;1.1153;13.5;2014-01-06 21:00:00;0.0504;142;1.1153;1.1153;0.0;0.0;0.00493;0.0504;0.0
142;9.69811666666667;0.685533333333333;13.5;2014-01-06 22:00:00;0.0504;143;0.685533333333333;0.685533333333333;0.0;0.0;0.00493;0.0504;0.0
143;9.69811666666667;0.0;13.5;2014-01-06 23:00:00;0.00493;144;0.248883333333333;0.248883333333333;0.0;0.248883333333333;0.00493;0.00493;0.0
144;9.69811666666667;0.0;13.5;2014-01-07 00:00:00;0.00493;145;0.36375;0.36375;0.0;0.36375;0.00493;0.00493;0.0
145;9.69811666666667;0.0;13.5;2014-01-07 01:00:00;0.00493;146;0.344416666666667;0.344416666666667;0.0;0.344416666666667;0.00493;0.00493;0.0
146;9.69811666666667;0.0;13.5;2014-01-07 02:00:00;0.00493;147;0.389866666666667;0.389866666666667;0.0;0.389866666666667;0.00493;0.00493;0.0
147;9.69811666666667;0.0;13.5;2014-01-07 03:00:00;0.00493;148;0.43705;0.43705;0.0;0.43705;0.00493;0.00493;0.0
148;9.69811666666667;0.0;13.5;2014-01-07 04:00:00;0.00493;149;0.435416666666667;0.435416666666667;0.0;0.435416666666667;0.00493;0.00493;0.0
149;9.69811666666667;0.0;13.5;2014-01-07 05:00:00;0.00493;150;0.4124;0.4124;0.0;0.4124;0.00493;0.00493;0.0
150;9.69811666666667;0.0;13.5;2014-01-07 06:00:00;0.00493;151;0.906016666666667;0.906016666666667;0.0;0.906016666666667;0.00493;0.00493;0.0
151;9.183600000000002;0.52835;13.5;2014-01-07 07:00:00;0.0504;152;0.52835;0.510233333333333;0.0138333333333333;0.0;0.00493;0.0504;0.0138333333333333
152;9.4783;0.224583333333333;13.5;2014-01-07 08:00:00;0.0504;153;0.224583333333333;-0.294666666666667;0.519283333333333;0.0;0.00493;0.0504;0.519283333333333
153;10.293050000000004;0.233216666666667;13.5;2014-01-07 09:00:00;0.0504;154;0.233216666666667;-0.814683333333333;1.04796666666667;0.0;0.00493;0.0504;1.04796666666667
154;11.726950000000008;0.222916666666667;13.5;2014-01-07 10:00:00;0.0504;155;0.222916666666667;-1.43385;1.65681666666667;0.0;0.00493;0.0504;1.65681666666667
155;13.5;0.317166666666667;13.5;2014-01-07 11:00:00;0.0504;156;0.317166666666667;-1.91555;2.23283333333333;0.0;0.00493;0.0504;2.0902166666666595
156;13.5;0.263766666666667;13.5;2014-01-07 12:00:00;0.0504;157;0.263766666666667;-2.31911666666667;2.58296666666667;0.0;0.00493;0.0504;0.26376666666666626
157;13.5;0.2346;13.5;2014-01-07 13:00:00;0.0504;158;0.2346;-2.48321666666667;2.71778333333333;0.0;0.00493;0.0504;0.2346000000000008
158;13.5;0.216516666666667;13.5;2014-01-07 14:00:00;0.0504;159;0.216516666666667;-0.984283333333333;1.20071666666667;0.0;0.00493;0.0504;0.2165166666666669
159;13.5;0.240533333333333;13.5;2014-01-07 15:00:00;0.0504;160;0.240533333333333;-0.483;0.723466666666667;0.0;0.00493;0.0504;0.2405333333333336
160;13.5;0.2078;13.5;2014-01-07 16:00:00;0.0504;161;0.2078;-0.0390333333333333;0.246833333333333;0.0;0.00493;0.0504;0.20780000000000062
161;13.291766666666666;0.220416666666667;13.5;2014-01-07 17:00:00;0.0504;162;0.220416666666667;0.19805;0.0121833333333333;0.0;0.00493;0.0504;0.0121833333333333
162;13.050533333333332;0.241233333333333;13.5;2014-01-07 18:00:00;0.0504;163;0.241233333333333;0.241233333333333;0.0;0.0;0.00493;0.0504;0.0
163;12.55905;0.491483333333333;13.5;2014-01-07 19:00:00;0.0504;164;0.491483333333333;0.491483333333333;0.0;0.0;0.00493;0.0504;0.0
164;11.651916666666667;0.907133333333333;13.5;2014-01-07 20:00:00;0.0504;165;0.907133333333333;0.907133333333333;0.0;0.0;0.00493;0.0504;0.0
165;10.884716666666666;0.7672;13.5;2014-01-07 21:00:00;0.0504;166;0.7672;0.7672;0.0;0.0;0.00493;0.0504;0.0
166;10.154699999999998;0.730016666666667;13.5;2014-01-07 22:00:00;0.0504;167;0.730016666666667;0.730016666666667;0.0;0.0;0.00493;0.0504;0.0
167;10.154699999999998;0.0;13.5;2014-01-07 23:00:00;0.00493;168;0.371316666666667;0.371316666666667;0.0;0.371316666666667;0.00493;0.00493;0.0
168;10.154699999999998;0.0;13.5;2014-01-08 00:00:00;0.00493;169;0.288883333333333;0.288883333333333;0.0;0.288883333333333;0.00493;0.00493;0.0
169;10.154699999999998;0.0;13.5;2014-01-08 01:00:00;0.00493;170;0.289783333333333;0.289783333333333;0.0;0.289783333333333;0.00493;0.00493;0.0
170;10.154699999999998;0.0;13.5;2014-01-08 02:00:00;0.00493;171;0.347433333333333;0.347433333333333;0.0;0.347433333333333;0.00493;0.00493;0.0
171;10.154699999999998;0.0;13.5;2014-01-08 03:00:00;0.00493;172;0.356966666666667;0.356966666666667;0.0;0.356966666666667;0.00493;0.00493;0.0
172;10.154699999999998;0.0;13.5;2014-01-08 04:00:00;0.00493;173;0.3598;0.3598;0.0;0.3598;0.00493;0.00493;0.0
173;10.154699999999998;0.0;13.5;2014-01-08 05:00:00;0.00493;174;0.365083333333333;0.365083333333333;0.0;0.365083333333333;0.00493;0.00493;0.0
174;10.154699999999998;0.0;13.5;2014-01-08 06:00:00;0.00493;175;0.553366666666667;0.553366666666667;0.0;0.553366666666667;0.00493;0.00493;0.0
175;9.70455;0.453966666666667;13.5;2014-01-08 07:00:00;0.0504;176;0.453966666666667;0.444366666666667;0.00381666666666667;0.0;0.00493;0.0504;0.00381666666666667
176;9.478299999999999;0.285216666666667;13.5;2014-01-08 08:00:00;0.0504;177;0.285216666666667;0.226116666666667;0.0589666666666667;0.0;0.00493;0.0504;0.0589666666666667
177;9.252016666666666;0.279533333333333;13.5;2014-01-08 09:00:00;0.0504;178;0.279533333333333;0.2263;0.05325;0.0;0.00493;0.0504;0.05325
178;9.125533333333333;0.397083333333333;13.5;2014-01-08 10:00:00;0.0504;179;0.397083333333333;0.126533333333333;0.2706;0.0;0.00493;0.0504;0.2706
179;9.255133333333333;0.2683;13.5;2014-01-08 11:00:00;0.0504;180;0.2683;-0.12965;0.3979;0.0;0.00493;0.0504;0.3979
180;9.383416666666667;0.289683333333333;13.5;2014-01-08 12:00:00;0.0504;181;0.289683333333333;-0.128333333333333;0.417966666666667;0.0;0.00493;0.0504;0.417966666666667
181;9.377233333333335;0.3012;13.5;2014-01-08 13:00:00;0.0504;182;0.3012;0.0061;0.295016666666667;0.0;0.00493;0.0504;0.295016666666667
182;9.292833333333334;0.2584;13.5;2014-01-08 14:00:00;0.0504;183;0.2584;0.0843833333333333;0.174;0.0;0.00493;0.0504;0.174
183;9.146983333333335;0.269783333333333;13.5;2014-01-08 15:00:00;0.0504;184;0.269783333333333;0.1458;0.123933333333333;0.0;0.00493;0.0504;0.123933333333333
184;8.958916666666667;0.2987;13.5;2014-01-08 16:00:00;0.0504;185;0.2987;0.1882;0.110633333333333;0.0;0.00493;0.0504;0.110633333333333
185;8.6603;0.298616666666667;13.5;2014-01-08 17:00:00;0.0504;186;0.298616666666667;0.297216666666667;0.0;0.0;0.00493;0.0504;0.0
186;8.406083333333333;0.254216666666667;13.5;2014-01-08 18:00:00;0.0504;187;0.254216666666667;0.254216666666667;0.0;0.0;0.00493;0.0504;0.0
187;7.820516666666666;0.585566666666667;13.5;2014-01-08 19:00:00;0.0504;188;0.585566666666667;0.585566666666667;0.0;0.0;0.00493;0.0504;0.0
188;7.09965;0.720866666666667;13.5;2014-01-08 20:00:00;0.0504;189;0.720866666666667;0.720866666666667;0.0;0.0;0.00493;0.0504;0.0
189;6.4055;0.69415;13.5;2014-01-08 21:00:00;0.0504;190;0.69415;0.69415;0.0;0.0;0.00493;0.0504;0.0
190;5.861;0.5445;13.5;2014-01-08 22:00:00;0.0504;191;0.5445;0.5445;0.0;0.0;0.00493;0.0504;0.0
191;5.861;0.0;13.5;2014-01-08 23:00:00;0.00493;192;0.236716666666667;0.236716666666667;0.0;0.236716666666667;0.00493;0.00493;0.0
192;5.861;0.0;13.5;2014-01-09 00:00:00;0.00493;193;0.233916666666667;0.233916666666667;0.0;0.233916666666667;0.00493;0.00493;0.0
193;5.861;0.0;13.5;2014-01-09 01:00:00;0.00493;194;0.218433333333333;0.218433333333333;0.0;0.218433333333333;0.00493;0.00493;0.0
194;5.861;0.0;13.5;2014-01-09 02:00:00;0.00493;195;0.318933333333333;0.318933333333333;0.0;0.318933333333333;0.00493;0.00493;0.0
195;5.861;0.0;13.5;2014-01-09 03:00:00;0.00493;196;0.225433333333333;0.225433333333333;0.0;0.225433333333333;0.00493;0.00493;0.0
196;5.861;0.0;13.5;2014-01-09 04:00:00;0.00493;197;0.23185;0.23185;0.0;0.23185;0.00493;0.00493;0.0
197;5.861;0.0;13.5;2014-01-09 05:00:00;0.00493;198;0.343316666666667;0.343316666666667;0.0;0.343316666666667;0.00493;0.00493;0.0
198;5.861;0.0;13.5;2014-01-09 06:00:00;0.00493;199;0.707516666666667;0.707516666666667;0.0;0.707516666666667;0.00493;0.00493;0.0
199;5.491133333333333;0.382383333333333;13.5;2014-01-09 07:00:00;0.0504;200;0.382383333333333;0.36405;0.0125166666666667;0.0;0.00493;0.0504;0.0125166666666667
200;5.453249999999999;0.213366666666667;13.5;2014-01-09 08:00:00;0.0504;201;0.213366666666667;0.0379166666666667;0.175483333333333;0.0;0.00493;0.0504;0.175483333333333
201;5.726549999999999;0.202966666666667;13.5;2014-01-09 09:00:00;0.0504;202;0.202966666666667;-0.273316666666667;0.476266666666667;0.0;0.00493;0.0504;0.476266666666667
202;6.247249999999999;0.2357;13.5;2014-01-09 10:00:00;0.0504;203;0.2357;-0.5208;0.7564;0.0;0.00493;0.0504;0.7564
203;6.727283333333332;0.2348;13.5;2014-01-09 11:00:00;0.0504;204;0.2348;-0.480066666666667;0.714833333333333;0.0;0.00493;0.0504;0.714833333333333
204;7.168833333333332;0.229416666666667;13.5;2014-01-09 12:00:00;0.0504;205;0.229416666666667;-0.441516666666667;0.670966666666667;0.0;0.00493;0.0504;0.670966666666667
205;7.767833333333331;0.235;13.5;2014-01-09 13:00:00;0.0504;206;0.235;-0.59895;0.834;0.0;0.00493;0.0504;0.834
206;9.660866666666665;0.224566666666667;13.5;2014-01-09 14:00:00;0.0504;207;0.224566666666667;-1.89305;2.1176;0.0;0.00493;0.0504;2.1176
207;10.768733333333332;0.242033333333333;13.5;2014-01-09 15:00:00;0.0504;208;0.242033333333333;-1.10791666666667;1.3499;0.0;0.00493;0.0504;1.3499
208;10.814199999999998;0.228466666666667;13.5;2014-01-09 16:00:00;0.0504;209;0.228466666666667;-0.0454833333333333;0.273933333333333;0.0;0.00493;0.0504;0.273933333333333
209;10.606549999999999;0.243033333333333;13.5;2014-01-09 17:00:00;0.0504;210;0.243033333333333;0.19375;0.0353833333333333;0.0;0.00493;0.0504;0.0353833333333333
210;10.390949999999998;0.2156;13.5;2014-01-09 18:00:00;0.0504;211;0.2156;0.2156;0.0;0.0;0.00493;0.0504;0.0
211;9.946766666666665;0.444183333333333;13.5;2014-01-09 19:00:00;0.0504;212;0.444183333333333;0.444183333333333;0.0;0.0;0.00493;0.0504;0.0
212;9.199716666666665;0.74705;13.5;2014-01-09 20:00:00;0.0504;213;0.74705;0.74705;0.0;0.0;0.00493;0.0504;0.0
213;8.4523;0.747416666666667;13.5;2014-01-09 21:00:00;0.0504;214;0.747416666666667;0.747416666666667;0.0;0.0;0.00493;0.0504;0.0
214;7.979449999999999;0.47285;13.5;2014-01-09 22:00:00;0.0504;215;0.47285;0.47285;0.0;0.0;0.00493;0.0504;0.0
215;7.979449999999999;0.0;13.5;2014-01-09 23:00:00;0.00493;216;0.239833333333333;0.239833333333333;0.0;0.239833333333333;0.00493;0.00493;0.0
216;7.979449999999999;0.0;13.5;2014-01-10 00:00:00;0.00493;217;0.23505;0.23505;0.0;0.23505;0.00493;0.00493;0.0
217;7.979449999999999;0.0;13.5;2014-01-10 01:00:00;0.00493;218;0.2338;0.2338;0.0;0.2338;0.00493;0.00493;0.0
218;7.979449999999999;0.0;13.5;2014-01-10 02:00:00;0.00493;219;0.227483333333333;0.227483333333333;0.0;0.227483333333333;0.00493;0.00493;0.0
219;7.979449999999999;0.0;13.5;2014-01-10 03:00:00;0.00493;220;0.226466666666667;0.226466666666667;0.0;0.226466666666667;0.00493;0.00493;0.0
220;7.979449999999999;0.0;13.5;2014-01-10 04:00:00;0.00493;221;0.2125;0.2125;0.0;0.2125;0.00493;0.00493;0.0
221;7.979449999999999;0.0;13.5;2014-01-10 05:00:00;0.00493;222;0.280433333333333;0.280433333333333;0.0;0.280433333333333;0.00493;0.00493;0.0
222;7.979449999999999;0.0;13.5;2014-01-10 06:00:00;0.00493;223;0.635316666666667;0.635316666666667;0.0;0.635316666666667;0.00493;0.00493;0.0
223;7.635583333333332;0.343866666666667;13.5;2014-01-10 07:00:00;0.0504;224;0.343866666666667;0.33885;0.0;0.0;0.00493;0.0504;0.0
224;7.483583333333332;0.225733333333333;13.5;2014-01-10 08:00:00;0.0504;225;0.225733333333333;0.152;0.0737333333333333;0.0;0.00493;0.0504;0.0737333333333333
225;7.526533333333331;0.223883333333333;13.5;2014-01-10 09:00:00;0.0504;226;0.223883333333333;-0.04305;0.266833333333333;0.0;0.00493;0.0504;0.266833333333333
226;7.560449999999999;0.204933333333333;13.5;2014-01-10 10:00:00;0.0504;227;0.204933333333333;-0.0338666666666667;0.23885;0.0;0.00493;0.0504;0.23885
227;7.957999999999998;0.218716666666667;13.5;2014-01-10 11:00:00;0.0504;228;0.218716666666667;-0.3977;0.616266666666667;0.0;0.00493;0.0504;0.616266666666667
228;8.155216666666664;0.234816666666667;13.5;2014-01-10 12:00:00;0.0504;229;0.234816666666667;-0.1972;0.432033333333333;0.0;0.00493;0.0504;0.432033333333333
229;8.894649999999999;0.235216666666667;13.5;2014-01-10 13:00:00;0.0504;230;0.235216666666667;-0.739383333333333;0.97465;0.0;0.00493;0.0504;0.97465
230;9.921450000000002;0.241166666666667;13.5;2014-01-10 14:00:00;0.0504;231;0.241166666666667;-1.02683333333333;1.26796666666667;0.0;0.00493;0.0504;1.26796666666667
231;10.273150000000001;0.234766666666667;13.5;2014-01-10 15:00:00;0.0504;232;0.234766666666667;-0.351666666666667;0.586466666666667;0.0;0.00493;0.0504;0.586466666666667
232;10.335816666666668;0.2088;13.5;2014-01-10 16:00:00;0.0504;233;0.2088;-0.0628;0.271466666666667;0.0;0.00493;0.0504;0.271466666666667
233;10.12491666666667;0.21295;13.5;2014-01-10 17:00:00;0.0504;234;0.21295;0.198766666666667;0.00205;0.0;0.00493;0.0504;0.00205
234;9.89216666666667;0.23275;13.5;2014-01-10 18:00:00;0.0504;235;0.23275;0.23275;0.0;0.0;0.00493;0.0504;0.0
235;9.62441666666667;0.26775;13.5;2014-01-10 19:00:00;0.0504;236;0.26775;0.26775;0.0;0.0;0.00493;0.0504;0.0
236;9.31666666666667;0.30775;13.5;2014-01-10 20:00:00;0.0504;237;0.30775;0.30775;0.0;0.0;0.00493;0.0504;0.0
237;8.538433333333337;0.778233333333333;13.5;2014-01-10 21:00:00;0.0504;238;0.778233333333333;0.778233333333333;0.0;0.0;0.00493;0.0504;0.0
238;7.9601166666666705;0.578316666666667;13.5;2014-01-10 22:00:00;0.0504;239;0.578316666666667;0.578316666666667;0.0;0.0;0.00493;0.0504;0.0
239;7.9601166666666705;0.0;13.5;2014-01-10 23:00:00;0.00493;240;0.405866666666667;0.405866666666667;0.0;0.405866666666667;0.00493;0.00493;0.0
240;7.9601166666666705;0.0;13.5;2014-01-11 00:00:00;0.00493;241;0.301533333333333;0.301533333333333;0.0;0.301533333333333;0.00493;0.00493;0.0
241;7.9601166666666705;0.0;13.5;2014-01-11 01:00:00;0.00493;242;0.30025;0.30025;0.0;0.30025;0.00493;0.00493;0.0
242;7.9601166666666705;0.0;13.5;2014-01-11 02:00:00;0.00493;243;0.301133333333333;0.301133333333333;0.0;0.301133333333333;0.00493;0.00493;0.0
243;7.9601166666666705;0.0;13.5;2014-01-11 03:00:00;0.00493;244;0.300683333333333;0.300683333333333;0.0;0.300683333333333;0.00493;0.00493;0.0
244;7.9601166666666705;0.0;13.5;2014-01-11 04:00:00;0.00493;245;0.3377;0.3377;0.0;0.3377;0.00493;0.00493;0.0
245;7.9601166666666705;0.0;13.5;2014-01-11 05:00:00;0.00493;246;0.437666666666667;0.437666666666667;0.0;0.437666666666667;0.00493;0.00493;0.0
246;7.9601166666666705;0.0;13.5;2014-01-11 06:00:00;0.00493;247;0.28665;0.28665;0.0;0.28665;0.00493;0.00493;0.0
247;7.60106666666667;0.367016666666667;13.5;2014-01-11 07:00:00;0.0504;248;0.367016666666667;0.354466666666667;0.00796666666666667;0.0;0.00493;0.0504;0.00796666666666667
248;7.837550000000002;0.23935;13.5;2014-01-11 08:00:00;0.0504;249;0.23935;-0.236566666666667;0.475833333333333;0.0;0.00493;0.0504;0.475833333333333
249;8.549116666666668;0.268716666666667;13.5;2014-01-11 09:00:00;0.0504;250;0.268716666666667;-0.711633333333333;0.980283333333333;0.0;0.00493;0.0504;0.980283333333333
250;9.774483333333338;0.29695;13.5;2014-01-11 10:00:00;0.0504;251;0.29695;-1.22533333333333;1.52231666666667;0.0;0.00493;0.0504;1.52231666666667
251;11.601966666666675;0.241983333333333;13.5;2014-01-11 11:00:00;0.0504;252;0.241983333333333;-1.82745;2.06946666666667;0.0;0.00493;0.0504;2.06946666666667
252;13.5;0.364283333333333;13.5;2014-01-11 12:00:00;0.0504;253;0.364283333333333;-2.02293333333333;2.38728333333333;0.0;0.00493;0.0504;2.262316666666657
253;13.5;0.360216666666667;13.5;2014-01-11 13:00:00;0.0504;254;0.360216666666667;-2.14446666666667;2.50466666666667;0.0;0.00493;0.0504;0.3602166666666675
254;13.5;0.338416666666667;13.5;2014-01-11 14:00:00;0.0504;255;0.338416666666667;-2.03503333333333;2.37346666666667;0.0;0.00493;0.0504;0.33841666666666814
255;13.5;0.75985;13.5;2014-01-11 15:00:00;0.0504;256;0.75985;-1.27603333333333;2.03586666666667;0.0;0.00493;0.0504;0.7598499999999992
256;13.5;0.424716666666667;13.5;2014-01-11 16:00:00;0.0504;257;0.424716666666667;-0.98875;1.41341666666667;0.0;0.00493;0.0504;0.42471666666666685
257;13.5;0.35;13.5;2014-01-11 17:00:00;0.0504;258;0.35;-0.0187666666666667;0.3649;0.0;0.00493;0.0504;0.3499999999999992
258;13.2717;0.2283;13.5;2014-01-11 18:00:00;0.0504;259;0.2283;0.2283;0.0;0.0;0.00493;0.0504;0.0
259;12.993366666666667;0.278333333333333;13.5;2014-01-11 19:00:00;0.0504;260;0.278333333333333;0.278333333333333;0.0;0.0;0.00493;0.0504;0.0
260;12.462683333333334;0.530683333333333;13.5;2014-01-11 20:00:00;0.0504;261;0.530683333333333;0.530683333333333;0.0;0.0;0.00493;0.0504;0.0
261;11.836433333333334;0.62625;13.5;2014-01-11 21:00:00;0.0504;262;0.62625;0.62625;0.0;0.0;0.00493;0.0504;0.0
262;11.246566666666666;0.589866666666667;13.5;2014-01-11 22:00:00;0.0504;263;0.589866666666667;0.589866666666667;0.0;0.0;0.00493;0.0504;0.0
263;11.246566666666666;0.0;13.5;2014-01-11 23:00:00;0.00493;264;0.325866666666667;0.325866666666667;0.0;0.325866666666667;0.00493;0.00493;0.0
264;11.246566666666666;0.0;13.5;2014-01-12 00:00:00;0.00493;265;0.224166666666667;0.224166666666667;0.0;0.224166666666667;0.00493;0.00493;0.0
265;11.246566666666666;0.0;13.5;2014-01-12 01:00:00;0.00493;266;0.2212;0.2212;0.0;0.2212;0.00493;0.00493;0.0
266;11.246566666666666;0.0;13.5;2014-01-12 02:00:00;0.00493;267;0.221716666666667;0.221716666666667;0.0;0.221716666666667;0.00493;0.00493;0.0
267;11.246566666666666;0.0;13.5;2014-01-12 03:00:00;0.00493;268;0.231433333333333;0.231433333333333;0.0;0.231433333333333;0.00493;0.00493;0.0
268;11.246566666666666;0.0;13.5;2014-01-12 04:00:00;0.00493;269;0.2451;0.2451;0.0;0.2451;0.00493;0.00493;0.0
269;11.246566666666666;0.0;13.5;2014-01-12 05:00:00;0.00493;270;0.239833333333333;0.239833333333333;0.0;0.239833333333333;0.00493;0.00493;0.0
270;11.246566666666666;0.0;13.5;2014-01-12 06:00:00;0.00493;271;0.609283333333333;0.609283333333333;0.0;0.609283333333333;0.00493;0.00493;0.0
271;10.728933333333332;0.522066666666667;13.5;2014-01-12 07:00:00;0.0504;272;0.522066666666667;0.5129;0.00443333333333333;0.0;0.00493;0.0504;0.00443333333333333
272;10.750366666666665;0.45135;13.5;2014-01-12 08:00:00;0.0504;273;0.45135;-0.0214833333333333;0.472783333333333;0.0;0.00493;0.0504;0.472783333333333
273;11.236233333333333;0.3226;13.5;2014-01-12 09:00:00;0.0504;274;0.3226;-0.485933333333333;0.808466666666667;0.0;0.00493;0.0504;0.808466666666667
274;11.81648333333333;0.453383333333333;13.5;2014-01-12 10:00:00;0.0504;275;0.453383333333333;-0.580333333333333;1.03363333333333;0.0;0.00493;0.0504;1.03363333333333
275;12.335049999999995;0.377116666666667;13.5;2014-01-12 11:00:00;0.0504;276;0.377116666666667;-0.518583333333333;0.895683333333333;0.0;0.00493;0.0504;0.895683333333333
276;12.26978333333333;0.38365;13.5;2014-01-12 12:00:00;0.0504;277;0.38365;0.0653333333333333;0.318383333333333;0.0;0.00493;0.0504;0.318383333333333
277;11.89233333333333;0.5882;13.5;2014-01-12 13:00:00;0.0504;278;0.5882;0.377566666666667;0.21075;0.0;0.00493;0.0504;0.21075
278;11.748749999999996;0.657266666666667;13.5;2014-01-12 14:00:00;0.0504;279;0.657266666666667;0.143616666666667;0.513683333333333;0.0;0.00493;0.0504;0.513683333333333
279;11.242766666666663;0.609033333333333;13.5;2014-01-12 15:00:00;0.0504;280;0.609033333333333;0.505983333333333;0.10305;0.0;0.00493;0.0504;0.10305
280;10.437349999999997;0.882083333333333;13.5;2014-01-12 16:00:00;0.0504;281;0.882083333333333;0.805433333333333;0.0766666666666667;0.0;0.00493;0.0504;0.0766666666666667
281;9.973216666666664;0.474083333333333;13.5;2014-01-12 17:00:00;0.0504;282;0.474083333333333;0.45435;0.00995;0.0;0.00493;0.0504;0.00995
282;9.358849999999997;0.614366666666667;13.5;2014-01-12 18:00:00;0.0504;283;0.614366666666667;0.614366666666667;0.0;0.0;0.00493;0.0504;0.0
283;8.348333333333327;1.01051666666667;13.5;2014-01-12 19:00:00;0.0504;284;1.01051666666667;1.01051666666667;0.0;0.0;0.00493;0.0504;0.0
284;7.254066666666658;1.09426666666667;13.5;2014-01-12 20:00:00;0.0504;285;1.09426666666667;1.09426666666667;0.0;0.0;0.00493;0.0504;0.0
285;6.279916666666658;0.97415;13.5;2014-01-12 21:00:00;0.0504;286;0.97415;0.97415;0.0;0.0;0.00493;0.0504;0.0
286;5.383833333333325;0.896083333333333;13.5;2014-01-12 22:00:00;0.0504;287;0.896083333333333;0.896083333333333;0.0;0.0;0.00493;0.0504;0.0
287;5.383833333333325;0.0;13.5;2014-01-12 23:00:00;0.00493;288;0.519433333333333;0.519433333333333;0.0;0.519433333333333;0.00493;0.00493;0.0
288;5.383833333333325;0.0;13.5;2014-01-13 00:00:00;0.00493;289;0.244066666666667;0.244066666666667;0.0;0.244066666666667;0.00493;0.00493;0.0
289;5.383833333333325;0.0;13.5;2014-01-13 01:00:00;0.00493;290;0.232883333333333;0.232883333333333;0.0;0.232883333333333;0.00493;0.00493;0.0
290;5.383833333333325;0.0;13.5;2014-01-13 02:00:00;0.00493;291;0.233633333333333;0.233633333333333;0.0;0.233633333333333;0.00493;0.00493;0.0
291;5.383833333333325;0.0;13.5;2014-01-13 03:00:00;0.00493;292;0.233616666666667;0.233616666666667;0.0;0.233616666666667;0.00493;0.00493;0.0
292;5.383833333333325;0.0;13.5;2014-01-13 04:00:00;0.00493;293;0.231883333333333;0.231883333333333;0.0;0.231883333333333;0.00493;0.00493;0.0
293;5.383833333333325;0.0;13.5;2014-01-13 05:00:00;0.00493;294;0.379833333333333;0.379833333333333;0.0;0.379833333333333;0.00493;0.00493;0.0
294;5.383833333333325;0.0;13.5;2014-01-13 06:00:00;0.00493;295;0.6517;0.6517;0.0;0.6517;0.00493;0.00493;0.0
295;5.035099999999991;0.35525;13.5;2014-01-13 07:00:00;0.0504;296;0.35525;0.343633333333333;0.00651666666666667;0.0;0.00493;0.0504;0.00651666666666667
296;5.286466666666658;0.2214;13.5;2014-01-13 08:00:00;0.0504;297;0.2214;-0.25135;0.472766666666667;0.0;0.00493;0.0504;0.472766666666667
297;6.031316666666657;0.235916666666667;13.5;2014-01-13 09:00:00;0.0504;298;0.235916666666667;-0.744883333333333;0.980766666666667;0.0;0.00493;0.0504;0.980766666666667
298;7.343149999999994;0.243433333333333;13.5;2014-01-13 10:00:00;0.0504;299;0.243433333333333;-1.3118;1.55526666666667;0.0;0.00493;0.0504;1.55526666666667
299;9.21988333333333;0.246483333333333;13.5;2014-01-13 11:00:00;0.0504;300;0.246483333333333;-1.8768;2.12321666666667;0.0;0.00493;0.0504;2.12321666666667
300;11.4428;0.26155;13.5;2014-01-13 12:00:00;0.0504;301;0.26155;-2.22288333333333;2.48446666666667;0.0;0.00493;0.0504;2.48446666666667
301;13.5;0.253666666666667;13.5;2014-01-13 13:00:00;0.0504;302;0.253666666666667;-2.36325;2.61688333333333;0.0;0.00493;0.0504;2.310866666666667
302;13.5;0.242766666666667;13.5;2014-01-13 14:00:00;0.0504;303;0.242766666666667;-2.26743333333333;2.51013333333333;0.0;0.00493;0.0504;0.24276666666666769
303;13.5;0.2387;13.5;2014-01-13 15:00:00;0.0504;304;0.2387;-1.92948333333333;2.16821666666667;0.0;0.00493;0.0504;0.23870000000000013
304;13.5;0.234833333333333;13.5;2014-01-13 16:00:00;0.0504;305;0.234833333333333;-1.29253333333333;1.52736666666667;0.0;0.00493;0.0504;0.23483333333333345
305;13.5;0.222366666666667;13.5;2014-01-13 17:00:00;0.0504;306;0.222366666666667;-0.200483333333333;0.419983333333333;0.0;0.00493;0.0504;0.222366666666668
306;13.2682;0.2318;13.5;2014-01-13 18:00:00;0.0504;307;0.2318;0.2318;0.0;0.0;0.00493;0.0504;0.0
307;13.002033333333333;0.266166666666667;13.5;2014-01-13 19:00:00;0.0504;308;0.266166666666667;0.266166666666667;0.0;0.0;0.00493;0.0504;0.0
308;12.695183333333333;0.30685;13.5;2014-01-13 20:00:00;0.0504;309;0.30685;0.30685;0.0;0.0;0.00493;0.0504;0.0
309;11.934666666666665;0.760516666666667;13.5;2014-01-13 21:00:00;0.0504;310;0.760516666666667;0.760516666666667;0.0;0.0;0.00493;0.0504;0.0
310;11.436083333333332;0.498583333333333;13.5;2014-01-13 22:00:00;0.0504;311;0.498583333333333;0.498583333333333;0.0;0.0;0.00493;0.0504;0.0
311;11.436083333333332;0.0;13.5;2014-01-13 23:00:00;0.00493;312;0.2343;0.2343;0.0;0.2343;0.00493;0.00493;0.0
312;11.436083333333332;0.0;13.5;2014-01-14 00:00:00;0.00493;313;0.230316666666667;0.230316666666667;0.0;0.230316666666667;0.00493;0.00493;0.0
313;11.436083333333332;0.0;13.5;2014-01-14 01:00:00;0.00493;314;0.227;0.227;0.0;0.227;0.00493;0.00493;0.0
314;11.436083333333332;0.0;13.5;2014-01-14 02:00:00;0.00493;315;0.218;0.218;0.0;0.218;0.00493;0.00493;0.0
315;11.436083333333332;0.0;13.5;2014-01-14 03:00:00;0.00493;316;0.21615;0.21615;0.0;0.21615;0.00493;0.00493;0.0
316;11.436083333333332;0.0;13.5;2014-01-14 04:00:00;0.00493;317;0.3364;0.3364;0.0;0.3364;0.00493;0.00493;0.0
317;11.436083333333332;0.0;13.5;2014-01-14 05:00:00;0.00493;318;0.5429;0.5429;0.0;0.5429;0.00493;0.00493;0.0
318;11.436083333333332;0.0;13.5;2014-01-14 06:00:00;0.00493;319;1.14116666666667;1.14116666666667;0.0;1.14116666666667;0.00493;0.00493;0.0
319;10.304566666666663;1.13851666666667;13.5;2014-01-14 07:00:00;0.0504;320;1.13851666666667;1.12631666666667;0.007;0.0;0.00493;0.0504;0.007
320;10.423649999999995;0.3664;13.5;2014-01-14 08:00:00;0.0504;321;0.3664;-0.11915;0.485483333333333;0.0;0.00493;0.0504;0.485483333333333
321;11.17673333333333;0.232;13.5;2014-01-14 09:00:00;0.0504;322;0.232;-0.7531;0.985083333333333;0.0;0.00493;0.0504;0.985083333333333
322;12.484599999999997;0.237283333333333;13.5;2014-01-14 10:00:00;0.0504;323;0.237283333333333;-1.30771666666667;1.54515;0.0;0.00493;0.0504;1.54515
323;13.5;0.22715;13.5;2014-01-14 11:00:00;0.0504;324;0.22715;-1.90693333333333;2.13406666666667;0.0;0.00493;0.0504;1.242550000000004
324;13.5;0.244783333333333;13.5;2014-01-14 12:00:00;0.0504;325;0.244783333333333;-2.2398;2.48456666666667;0.0;0.00493;0.0504;0.2447833333333329
325;13.5;0.263566666666667;13.5;2014-01-14 13:00:00;0.0504;326;0.263566666666667;-2.3096;2.5731;0.0;0.00493;0.0504;0.2635666666666676
326;13.5;0.247266666666667;13.5;2014-01-14 14:00:00;0.0504;327;0.247266666666667;-2.24363333333333;2.49096666666667;0.0;0.00493;0.0504;0.24726666666666608
327;13.5;0.24615;13.5;2014-01-14 15:00:00;0.0504;328;0.24615;-1.87505;2.1212;0.0;0.00493;0.0504;0.2461500000000001
328;13.5;0.236316666666667;13.5;2014-01-14 16:00:00;0.0504;329;0.236316666666667;-1.23431666666667;1.47061666666667;0.0;0.00493;0.0504;0.23631666666666717
329;13.5;0.211633333333333;13.5;2014-01-14 17:00:00;0.0504;330;0.211633333333333;-0.2005;0.409966666666667;0.0;0.00493;0.0504;0.21163333333333284
330;13.272333333333332;0.227666666666667;13.5;2014-01-14 18:00:00;0.0504;331;0.227666666666667;0.227666666666667;0.0;0.0;0.00493;0.0504;0.0
331;12.9287;0.343633333333333;13.5;2014-01-14 19:00:00;0.0504;332;0.343633333333333;0.343633333333333;0.0;0.0;0.00493;0.0504;0.0
332;12.192766666666666;0.735933333333333;13.5;2014-01-14 20:00:00;0.0504;333;0.735933333333333;0.735933333333333;0.0;0.0;0.00493;0.0504;0.0
333;11.495566666666665;0.6972;13.5;2014-01-14 21:00:00;0.0504;334;0.6972;0.6972;0.0;0.0;0.00493;0.0504;0.0
334;11.098533333333332;0.397033333333333;13.5;2014-01-14 22:00:00;0.0504;335;0.397033333333333;0.397033333333333;0.0;0.0;0.00493;0.0504;0.0
335;11.098533333333332;0.0;13.5;2014-01-14 23:00:00;0.00493;336;0.231366666666667;0.231366666666667;0.0;0.231366666666667;0.00493;0.00493;0.0
336;11.098533333333332;0.0;13.5;2014-01-15 00:00:00;0.00493;337;0.230883333333333;0.230883333333333;0.0;0.230883333333333;0.00493;0.00493;0.0
337;11.098533333333332;0.0;13.5;2014-01-15 01:00:00;0.00493;338;0.2245;0.2245;0.0;0.2245;0.00493;0.00493;0.0
338;11.098533333333332;0.0;13.5;2014-01-15 02:00:00;0.00493;339;0.215483333333333;0.215483333333333;0.0;0.215483333333333;0.00493;0.00493;0.0
339;11.098533333333332;0.0;13.5;2014-01-15 03:00:00;0.00493;340;0.217933333333333;0.217933333333333;0.0;0.217933333333333;0.00493;0.00493;0.0
340;11.098533333333332;0.0;13.5;2014-01-15 04:00:00;0.00493;341;0.229866666666667;0.229866666666667;0.0;0.229866666666667;0.00493;0.00493;0.0
341;11.098533333333332;0.0;13.5;2014-01-15 05:00:00;0.00493;342;0.356666666666667;0.356666666666667;0.0;0.356666666666667;0.00493;0.00493;0.0
342;11.098533333333332;0.0;13.5;2014-01-15 06:00:00;0.00493;343;0.7153;0.7153;0.0;0.7153;0.00493;0.00493;0.0
343;10.649799999999997;0.455716666666667;13.5;2014-01-15 07:00:00;0.0504;344;0.455716666666667;0.443716666666667;0.00698333333333333;0.0;0.00493;0.0504;0.00698333333333333
344;10.911749999999996;0.220583333333333;13.5;2014-01-15 08:00:00;0.0504;345;0.220583333333333;-0.261966666666667;0.482533333333333;0.0;0.00493;0.0504;0.482533333333333
345;11.698716666666662;0.210683333333333;13.5;2014-01-15 09:00:00;0.0504;346;0.210683333333333;-0.787016666666667;0.99765;0.0;0.00493;0.0504;0.99765
346;13.017016666666665;0.249766666666667;13.5;2014-01-15 10:00:00;0.0504;347;0.249766666666667;-1.31841666666667;1.56806666666667;0.0;0.00493;0.0504;1.56806666666667
347;13.5;0.245033333333333;13.5;2014-01-15 11:00:00;0.0504;348;0.245033333333333;-1.87705;2.122;0.0;0.00493;0.0504;0.7280166666666688
348;13.5;0.247733333333333;13.5;2014-01-15 12:00:00;0.0504;349;0.247733333333333;-2.22668333333333;2.47441666666667;0.0;0.00493;0.0504;0.2477333333333327
349;13.5;0.23175;13.5;2014-01-15 13:00:00;0.0504;350;0.23175;-2.35785;2.58961666666667;0.0;0.00493;0.0504;0.23174999999999812
350;13.5;0.241416666666667;13.5;2014-01-15 14:00:00;0.0504;351;0.241416666666667;-2.2312;2.47258333333333;0.0;0.00493;0.0504;0.2414166666666686
351;13.5;0.247766666666667;13.5;2014-01-15 15:00:00;0.0504;352;0.247766666666667;-1.87731666666667;2.125;0.0;0.00493;0.0504;0.24776666666666713
352;13.5;0.2342;13.5;2014-01-15 16:00:00;0.0504;353;0.2342;-1.25078333333333;1.48503333333333;0.0;0.00493;0.0504;0.2341999999999993
353;13.5;0.231016666666667;13.5;2014-01-15 17:00:00;0.0504;354;0.231016666666667;-0.199316666666667;0.427933333333333;0.0;0.00493;0.0504;0.23101666666666637
354;13.286433333333333;0.213566666666667;13.5;2014-01-15 18:00:00;0.0504;355;0.213566666666667;0.213566666666667;0.0;0.0;0.00493;0.0504;0.0
355;12.773766666666667;0.512666666666667;13.5;2014-01-15 19:00:00;0.0504;356;0.512666666666667;0.512666666666667;0.0;0.0;0.00493;0.0504;0.0
356;12.471;0.302766666666667;13.5;2014-01-15 20:00:00;0.0504;357;0.302766666666667;0.302766666666667;0.0;0.0;0.00493;0.0504;0.0
357;11.54435;0.92665;13.5;2014-01-15 21:00:00;0.0504;358;0.92665;0.92665;0.0;0.0;0.00493;0.0504;0.0
358;10.83145;0.7129;13.5;2014-01-15 22:00:00;0.0504;359;0.7129;0.7129;0.0;0.0;0.00493;0.0504;0.0
359;10.83145;0.0;13.5;2014-01-15 23:00:00;0.00493;360;0.351583333333333;0.351583333333333;0.0;0.351583333333333;0.00493;0.00493;0.0
360;10.83145;0.0;13.5;2014-01-16 00:00:00;0.00493;361;0.2229;0.2229;0.0;0.2229;0.00493;0.00493;0.0
361;10.83145;0.0;13.5;2014-01-16 01:00:00;0.00493;362;0.21125;0.21125;0.0;0.21125;0.00493;0.00493;0.0
362;10.83145;0.0;13.5;2014-01-16 02:00:00;0.00493;363;0.23005;0.23005;0.0;0.23005;0.00493;0.00493;0.0
363;10.83145;0.0;13.5;2014-01-16 03:00:00;0.00493;364;0.350683333333333;0.350683333333333;0.0;0.350683333333333;0.00493;0.00493;0.0
364;10.83145;0.0;13.5;2014-01-16 04:00:00;0.00493;365;0.2809;0.2809;0.0;0.2809;0.00493;0.00493;0.0
365;10.83145;0.0;13.5;2014-01-16 05:00:00;0.00493;366;0.492;0.492;0.0;0.492;0.00493;0.00493;0.0
366;10.83145;0.0;13.5;2014-01-16 06:00:00;0.00493;367;0.692683333333333;0.692683333333333;0.0;0.692683333333333;0.00493;0.00493;0.0
367;10.428516666666667;0.410516666666667;13.5;2014-01-16 07:00:00;0.0504;368;0.410516666666667;0.398166666666667;0.00758333333333333;0.0;0.00493;0.0504;0.00758333333333333
368;10.663549999999999;0.232416666666667;13.5;2014-01-16 08:00:00;0.0504;369;0.232416666666667;-0.235083333333333;0.46745;0.0;0.00493;0.0504;0.46745
369;11.404599999999999;0.238083333333333;13.5;2014-01-16 09:00:00;0.0504;370;0.238083333333333;-0.741066666666667;0.979133333333333;0.0;0.00493;0.0504;0.979133333333333
370;12.7285;0.233016666666667;13.5;2014-01-16 10:00:00;0.0504;371;0.233016666666667;-1.32385;1.55691666666667;0.0;0.00493;0.0504;1.55691666666667
371;13.5;0.23245;13.5;2014-01-16 11:00:00;0.0504;372;0.23245;-1.89868333333333;2.13103333333333;0.0;0.00493;0.0504;1.0039500000000001
372;13.5;0.246816666666667;13.5;2014-01-16 12:00:00;0.0504;373;0.246816666666667;-2.21401666666667;2.46085;0.0;0.00493;0.0504;0.24681666666666713
373;13.5;0.269933333333333;13.5;2014-01-16 13:00:00;0.0504;374;0.269933333333333;-2.28135;2.55133333333333;0.0;0.00493;0.0504;0.2699333333333338
374;13.5;0.246966666666667;13.5;2014-01-16 14:00:00;0.0504;375;0.246966666666667;-2.16016666666667;2.40716666666667;0.0;0.00493;0.0504;0.24696666666666678
375;13.5;0.2372;13.5;2014-01-16 15:00:00;0.0504;376;0.2372;-1.79686666666667;2.03406666666667;0.0;0.00493;0.0504;0.23720000000000008
376;13.5;0.218433333333333;13.5;2014-01-16 16:00:00;0.0504;377;0.218433333333333;-1.19438333333333;1.41275;0.0;0.00493;0.0504;0.21843333333333437
377;13.5;0.220966666666667;13.5;2014-01-16 17:00:00;0.0504;378;0.220966666666667;-0.178616666666667;0.3974;0.0;0.00493;0.0504;0.2209666666666681
378;13.251;0.249;13.5;2014-01-16 18:00:00;0.0504;379;0.249;0.249;0.0;0.0;0.00493;0.0504;0.0
379;12.863116666666667;0.387883333333333;13.5;2014-01-16 19:00:00;0.0504;380;0.387883333333333;0.387883333333333;0.0;0.0;0.00493;0.0504;0.0
380;12.565716666666667;0.2974;13.5;2014-01-16 20:00:00;0.0504;381;0.2974;0.2974;0.0;0.0;0.00493;0.0504;0.0
381;11.774366666666667;0.79135;13.5;2014-01-16 21:00:00;0.0504;382;0.79135;0.79135;0.0;0.0;0.00493;0.0504;0.0
382;11.2121;0.562266666666667;13.5;2014-01-16 22:00:00;0.0504;383;0.562266666666667;0.562266666666667;0.0;0.0;0.00493;0.0504;0.0
383;11.2121;0.0;13.5;2014-01-16 23:00:00;0.00493;384;0.422983333333333;0.422983333333333;0.0;0.422983333333333;0.00493;0.00493;0.0
384;11.2121;0.0;13.5;2014-01-17 00:00:00;0.00493;385;0.21505;0.21505;0.0;0.21505;0.00493;0.00493;0.0
385;11.2121;0.0;13.5;2014-01-17 01:00:00;0.00493;386;0.2304;0.2304;0.0;0.2304;0.00493;0.00493;0.0
386;11.2121;0.0;13.5;2014-01-17 02:00:00;0.00493;387;0.233966666666667;0.233966666666667;0.0;0.233966666666667;0.00493;0.00493;0.0
387;11.2121;0.0;13.5;2014-01-17 03:00:00;0.00493;388;0.235583333333333;0.235583333333333;0.0;0.235583333333333;0.00493;0.00493;0.0
388;11.2121;0.0;13.5;2014-01-17 04:00:00;0.00493;389;0.220366666666667;0.220366666666667;0.0;0.220366666666667;0.00493;0.00493;0.0
389;11.2121;0.0;13.5;2014-01-17 05:00:00;0.00493;390;0.425416666666667;0.425416666666667;0.0;0.425416666666667;0.00493;0.00493;0.0
390;11.2121;0.0;13.5;2014-01-17 06:00:00;0.00493;391;0.556116666666667;0.556116666666667;0.0;0.556116666666667;0.00493;0.00493;0.0
391;10.508333333333333;0.71845;13.5;2014-01-17 07:00:00;0.0504;392;0.71845;0.698883333333333;0.0146833333333333;0.0;0.00493;0.0504;0.0146833333333333
392;10.501366666666666;0.414133333333333;13.5;2014-01-17 08:00:00;0.0504;393;0.414133333333333;0.00701666666666667;0.407166666666667;0.0;0.00493;0.0504;0.407166666666667
393;11.099249999999998;0.3336;13.5;2014-01-17 09:00:00;0.0504;394;0.3336;-0.59795;0.931483333333333;0.0;0.00493;0.0504;0.931483333333333
394;12.375166666666667;0.239;13.5;2014-01-17 10:00:00;0.0504;395;0.239;-1.27586666666667;1.51491666666667;0.0;0.00493;0.0504;1.51491666666667
395;13.5;0.2313;13.5;2014-01-17 11:00:00;0.0504;396;0.2313;-1.8163;2.04763333333333;0.0;0.00493;0.0504;1.3561333333333323
396;13.5;0.253316666666667;13.5;2014-01-17 12:00:00;0.0504;397;0.253316666666667;-2.1099;2.3631;0.0;0.00493;0.0504;0.2533166666666675
397;13.5;0.253366666666667;13.5;2014-01-17 13:00:00;0.0504;398;0.253366666666667;-2.24163333333333;2.49501666666667;0.0;0.00493;0.0504;0.2533666666666665
398;13.5;0.246316666666667;13.5;2014-01-17 14:00:00;0.0504;399;0.246316666666667;-2.13998333333333;2.38623333333333;0.0;0.00493;0.0504;0.2463166666666674
399;13.5;0.25975;13.5;2014-01-17 15:00:00;0.0504;400;0.25975;-1.7511;2.01091666666667;0.0;0.00493;0.0504;0.2597499999999999
400;13.5;0.46815;13.5;2014-01-17 16:00:00;0.0504;401;0.46815;-0.864733333333333;1.33296666666667;0.0;0.00493;0.0504;0.4681500000000003
401;13.19305;0.603183333333333;13.5;2014-01-17 17:00:00;0.0504;402;0.603183333333333;0.304416666666667;0.296233333333333;0.0;0.00493;0.0504;0.296233333333333
402;12.725433333333333;0.467616666666667;13.5;2014-01-17 18:00:00;0.0504;403;0.467616666666667;0.467616666666667;0.0;0.0;0.00493;0.0504;0.0
403;12.176383333333334;0.54905;13.5;2014-01-17 19:00:00;0.0504;404;0.54905;0.54905;0.0;0.0;0.00493;0.0504;0.0
404;11.3314;0.844983333333333;13.5;2014-01-17 20:00:00;0.0504;405;0.844983333333333;0.844983333333333;0.0;0.0;0.00493;0.0504;0.0
405;10.621466666666667;0.709933333333333;13.5;2014-01-17 21:00:00;0.0504;406;0.709933333333333;0.709933333333333;0.0;0.0;0.00493;0.0504;0.0
406;9.819983333333333;0.801483333333333;13.5;2014-01-17 22:00:00;0.0504;407;0.801483333333333;0.801483333333333;0.0;0.0;0.00493;0.0504;0.0
407;9.819983333333333;0.0;13.5;2014-01-17 23:00:00;0.00493;408;0.651466666666667;0.651466666666667;0.0;0.651466666666667;0.00493;0.00493;0.0
408;9.819983333333333;0.0;13.5;2014-01-18 00:00:00;0.00493;409;0.48045;0.48045;0.0;0.48045;0.00493;0.00493;0.0
409;9.819983333333333;0.0;13.5;2014-01-18 01:00:00;0.00493;410;0.227166666666667;0.227166666666667;0.0;0.227166666666667;0.00493;0.00493;0.0
410;9.819983333333333;0.0;13.5;2014-01-18 02:00:00;0.00493;411;0.23265;0.23265;0.0;0.23265;0.00493;0.00493;0.0
411;9.819983333333333;0.0;13.5;2014-01-18 03:00:00;0.00493;412;0.350066666666667;0.350066666666667;0.0;0.350066666666667;0.00493;0.00493;0.0
412;9.819983333333333;0.0;13.5;2014-01-18 04:00:00;0.00493;413;0.226916666666667;0.226916666666667;0.0;0.226916666666667;0.00493;0.00493;0.0
413;9.819983333333333;0.0;13.5;2014-01-18 05:00:00;0.00493;414;0.323216666666667;0.323216666666667;0.0;0.323216666666667;0.00493;0.00493;0.0
414;9.819983333333333;0.0;13.5;2014-01-18 06:00:00;0.00493;415;0.61005;0.61005;0.0;0.61005;0.00493;0.00493;0.0
415;9.310599999999999;0.521366666666667;13.5;2014-01-18 07:00:00;0.0504;416;0.521366666666667;0.504366666666667;0.0119833333333333;0.0;0.00493;0.0504;0.0119833333333333
416;9.315283333333332;0.443066666666667;13.5;2014-01-18 08:00:00;0.0504;417;0.443066666666667;-0.00468333333333333;0.44775;0.0;0.00493;0.0504;0.44775
417;9.820899999999998;0.434183333333333;13.5;2014-01-18 09:00:00;0.0504;418;0.434183333333333;-0.505566666666667;0.9398;0.0;0.00493;0.0504;0.9398
418;11.083333333333334;0.235833333333333;13.5;2014-01-18 10:00:00;0.0504;419;0.235833333333333;-1.26255;1.49826666666667;0.0;0.00493;0.0504;1.49826666666667
419;12.901466666666664;0.2361;13.5;2014-01-18 11:00:00;0.0504;420;0.2361;-1.81813333333333;2.05423333333333;0.0;0.00493;0.0504;2.05423333333333
420;13.5;0.249083333333333;13.5;2014-01-18 12:00:00;0.0504;421;0.249083333333333;-2.1693;2.41841666666667;0.0;0.00493;0.0504;0.8476166666666698
421;13.5;0.2633;13.5;2014-01-18 13:00:00;0.0504;422;0.2633;-2.28556666666667;2.54895;0.0;0.00493;0.0504;0.26329999999999787
422;13.5;0.241483333333333;13.5;2014-01-18 14:00:00;0.0504;423;0.241483333333333;-2.18585;2.4273;0.0;0.00493;0.0504;0.24148333333333394
423;13.5;0.225183333333333;13.5;2014-01-18 15:00:00;0.0504;424;0.225183333333333;-1.82488333333333;2.04998333333333;0.0;0.00493;0.0504;0.22518333333333374
424;13.5;0.244966666666667;13.5;2014-01-18 16:00:00;0.0504;425;0.244966666666667;-1.12601666666667;1.37096666666667;0.0;0.00493;0.0504;0.244966666666667
425;13.5;0.22945;13.5;2014-01-18 17:00:00;0.0504;426;0.22945;-0.142466666666667;0.37015;0.0;0.00493;0.0504;0.22944999999999927
426;12.845666666666666;0.654333333333333;13.5;2014-01-18 18:00:00;0.0504;427;0.654333333333333;0.654333333333333;0.0;0.0;0.00493;0.0504;0.0
427;12.082566666666667;0.7631;13.5;2014-01-18 19:00:00;0.0504;428;0.7631;0.7631;0.0;0.0;0.00493;0.0504;0.0
428;11.345033333333333;0.737533333333333;13.5;2014-01-18 20:00:00;0.0504;429;0.737533333333333;0.737533333333333;0.0;0.0;0.00493;0.0504;0.0
429;10.540683333333334;0.80435;13.5;2014-01-18 21:00:00;0.0504;430;0.80435;0.80435;0.0;0.0;0.00493;0.0504;0.0
430;9.740866666666667;0.799816666666667;13.5;2014-01-18 22:00:00;0.0504;431;0.799816666666667;0.799816666666667;0.0;0.0;0.00493;0.0504;0.0
431;9.740866666666667;0.0;13.5;2014-01-18 23:00:00;0.00493;432;0.4401;0.4401;0.0;0.4401;0.00493;0.00493;0.0
432;9.740866666666667;0.0;13.5;2014-01-19 00:00:00;0.00493;433;0.228333333333333;0.228333333333333;0.0;0.228333333333333;0.00493;0.00493;0.0
433;9.740866666666667;0.0;13.5;2014-01-19 01:00:00;0.00493;434;0.236716666666667;0.236716666666667;0.0;0.236716666666667;0.00493;0.00493;0.0
434;9.740866666666667;0.0;13.5;2014-01-19 02:00:00;0.00493;435;0.227583333333333;0.227583333333333;0.0;0.227583333333333;0.00493;0.00493;0.0
435;9.740866666666667;0.0;13.5;2014-01-19 03:00:00;0.00493;436;0.236566666666667;0.236566666666667;0.0;0.236566666666667;0.00493;0.00493;0.0
436;9.740866666666667;0.0;13.5;2014-01-19 04:00:00;0.00493;437;0.254516666666667;0.254516666666667;0.0;0.254516666666667;0.00493;0.00493;0.0
437;9.740866666666667;0.0;13.5;2014-01-19 05:00:00;0.00493;438;0.367966666666667;0.367966666666667;0.0;0.367966666666667;0.00493;0.00493;0.0
438;9.740866666666667;0.0;13.5;2014-01-19 06:00:00;0.00493;439;0.611416666666667;0.611416666666667;0.0;0.611416666666667;0.00493;0.00493;0.0
439;9.5113;0.24475;13.5;2014-01-19 07:00:00;0.0504;440;0.24475;0.225266666666667;0.0151833333333333;0.0;0.00493;0.0504;0.0151833333333333
440;9.720633333333334;0.24575;13.5;2014-01-19 08:00:00;0.0504;441;0.24575;-0.209366666666667;0.455083333333333;0.0;0.00493;0.0504;0.455083333333333
441;10.437700000000001;0.241733333333333;13.5;2014-01-19 09:00:00;0.0504;442;0.241733333333333;-0.71715;0.9588;0.0;0.00493;0.0504;0.9588
442;11.694950000000006;0.257916666666667;13.5;2014-01-19 10:00:00;0.0504;443;0.257916666666667;-1.25723333333333;1.51516666666667;0.0;0.00493;0.0504;1.51516666666667
443;12.935666666666673;0.811683333333333;13.5;2014-01-19 11:00:00;0.0504;444;0.811683333333333;-1.24068333333333;2.0524;0.0;0.00493;0.0504;2.0524
444;13.5;0.45595;13.5;2014-01-19 12:00:00;0.0504;445;0.45595;-1.93376666666667;2.38978333333333;0.0;0.00493;0.0504;1.0202833333333259
445;13.5;0.3962;13.5;2014-01-19 13:00:00;0.0504;446;0.3962;-2.10731666666667;2.50346666666667;0.0;0.00493;0.0504;0.3962000000000021
446;13.5;0.392066666666667;13.5;2014-01-19 14:00:00;0.0504;447;0.392066666666667;-1.99676666666667;2.38878333333333;0.0;0.00493;0.0504;0.39206666666666745
447;13.5;0.4042;13.5;2014-01-19 15:00:00;0.0504;448;0.4042;-1.65883333333333;2.06306666666667;0.0;0.00493;0.0504;0.4041999999999999
448;13.5;0.47295;13.5;2014-01-19 16:00:00;0.0504;449;0.47295;-0.936166666666667;1.40918333333333;0.0;0.00493;0.0504;0.47294999999999954
449;13.182983333333334;0.677966666666667;13.5;2014-01-19 17:00:00;0.0504;450;0.677966666666667;0.3141;0.36095;0.0;0.00493;0.0504;0.36095
450;12.600116666666667;0.582866666666667;13.5;2014-01-19 18:00:00;0.0504;451;0.582866666666667;0.582866666666667;0.0;0.0;0.00493;0.0504;0.0
451;12.102916666666667;0.4972;13.5;2014-01-19 19:00:00;0.0504;452;0.4972;0.4972;0.0;0.0;0.00493;0.0504;0.0
452;11.427083333333334;0.675833333333333;13.5;2014-01-19 20:00:00;0.0504;453;0.675833333333333;0.675833333333333;0.0;0.0;0.00493;0.0504;0.0
453;10.783666666666667;0.643416666666667;13.5;2014-01-19 21:00:00;0.0504;454;0.643416666666667;0.643416666666667;0.0;0.0;0.00493;0.0504;0.0
454;10.268466666666667;0.5152;13.5;2014-01-19 22:00:00;0.0504;455;0.5152;0.5152;0.0;0.0;0.00493;0.0504;0.0
455;10.268466666666667;0.0;13.5;2014-01-19 23:00:00;0.00493;456;0.26375;0.26375;0.0;0.26375;0.00493;0.00493;0.0
456;10.268466666666667;0.0;13.5;2014-01-20 00:00:00;0.00493;457;0.268516666666667;0.268516666666667;0.0;0.268516666666667;0.00493;0.00493;0.0
457;10.268466666666667;0.0;13.5;2014-01-20 01:00:00;0.00493;458;0.370066666666667;0.370066666666667;0.0;0.370066666666667;0.00493;0.00493;0.0
458;10.268466666666667;0.0;13.5;2014-01-20 02:00:00;0.00493;459;0.2348;0.2348;0.0;0.2348;0.00493;0.00493;0.0
459;10.268466666666667;0.0;13.5;2014-01-20 03:00:00;0.00493;460;0.216716666666667;0.216716666666667;0.0;0.216716666666667;0.00493;0.00493;0.0
460;10.268466666666667;0.0;13.5;2014-01-20 04:00:00;0.00493;461;0.2275;0.2275;0.0;0.2275;0.00493;0.00493;0.0
461;10.268466666666667;0.0;13.5;2014-01-20 05:00:00;0.00493;462;0.519383333333333;0.519383333333333;0.0;0.519383333333333;0.00493;0.00493;0.0
462;10.268466666666667;0.0;13.5;2014-01-20 06:00:00;0.00493;463;0.3968;0.3968;0.0;0.3968;0.00493;0.00493;0.0
463;9.8856;0.402066666666667;13.5;2014-01-20 07:00:00;0.0504;464;0.402066666666667;0.378766666666667;0.0192;0.0;0.00493;0.0504;0.0192
464;10.080316666666668;0.21055;13.5;2014-01-20 08:00:00;0.0504;465;0.21055;-0.194833333333333;0.405266666666667;0.0;0.00493;0.0504;0.405266666666667
465;10.801716666666668;0.213133333333333;13.5;2014-01-20 09:00:00;0.0504;466;0.213133333333333;-0.721383333333333;0.934533333333333;0.0;0.00493;0.0504;0.934533333333333
466;12.088050000000004;0.201883333333333;13.5;2014-01-20 10:00:00;0.0504;467;0.201883333333333;-1.28636666666667;1.48821666666667;0.0;0.00493;0.0504;1.48821666666667
467;13.5;0.222633333333333;13.5;2014-01-20 11:00:00;0.0504;468;0.222633333333333;-1.82205;2.04466666666667;0.0;0.00493;0.0504;1.6345833333333286
468;13.5;0.226733333333333;13.5;2014-01-20 12:00:00;0.0504;469;0.226733333333333;-2.16706666666667;2.39373333333333;0.0;0.00493;0.0504;0.22673333333333368
469;13.5;0.2356;13.5;2014-01-20 13:00:00;0.0504;470;0.2356;-2.27233333333333;2.50791666666667;0.0;0.00493;0.0504;0.2355999999999998
470;13.5;0.23205;13.5;2014-01-20 14:00:00;0.0504;471;0.23205;-2.12456666666667;2.3567;0.0;0.00493;0.0504;0.2320499999999992
471;13.5;0.208166666666667;13.5;2014-01-20 15:00:00;0.0504;472;0.208166666666667;-1.77916666666667;1.9873;0.0;0.00493;0.0504;0.20816666666666772
472;13.5;0.214683333333333;13.5;2014-01-20 16:00:00;0.0504;473;0.214683333333333;-1.20511666666667;1.41975;0.0;0.00493;0.0504;0.2146833333333329
473;13.5;0.206183333333333;13.5;2014-01-20 17:00:00;0.0504;474;0.206183333333333;-0.249033333333333;0.454333333333333;0.0;0.00493;0.0504;0.206183333333334
474;13.287;0.213;13.5;2014-01-20 18:00:00;0.0504;475;0.213;0.213;0.0;0.0;0.00493;0.0504;0.0
475;12.972166666666668;0.314833333333333;13.5;2014-01-20 19:00:00;0.0504;476;0.314833333333333;0.314833333333333;0.0;0.0;0.00493;0.0504;0.0
476;12.266683333333335;0.705483333333333;13.5;2014-01-20 20:00:00;0.0504;477;0.705483333333333;0.705483333333333;0.0;0.0;0.00493;0.0504;0.0
477;11.475750000000001;0.790933333333333;13.5;2014-01-20 21:00:00;0.0504;478;0.790933333333333;0.790933333333333;0.0;0.0;0.00493;0.0504;0.0
478;10.725633333333334;0.750116666666667;13.5;2014-01-20 22:00:00;0.0504;479;0.750116666666667;0.750116666666667;0.0;0.0;0.00493;0.0504;0.0
479;10.725633333333334;0.0;13.5;2014-01-20 23:00:00;0.00493;480;0.319116666666667;0.319116666666667;0.0;0.319116666666667;0.00493;0.00493;0.0
