;battCharge;battDischarge;batteryCapacity;dateTime;gridThreshold;id;loadCons;loadGrid;loadProd;newGrid;prices;prodUsage
0;0.0;0;13.5;2014-01-01 00:00:00;1.5;1;0.211483333333333;0.211483333333333;0.0;0.211483333333333;0.00493;0.0
1;0.0;0;13.5;2014-01-01 01:00:00;1.5;2;0.278033333333333;0.278033333333333;0.0;0.278033333333333;0.00493;0.0
2;0.0;0;13.5;2014-01-01 02:00:00;1.5;3;0.34985;0.34985;0.0;0.34985;0.00493;0.0
3;0.0;0;13.5;2014-01-01 03:00:00;1.5;4;0.348516666666667;0.348516666666667;0.0;0.348516666666667;0.00493;0.0
4;0.0;0;13.5;2014-01-01 04:00:00;1.5;5;0.350966666666667;0.350966666666667;0.0;0.350966666666667;0.00493;0.0
5;0.0;0;13.5;2014-01-01 05:00:00;1.5;6;0.32765;0.32765;0.0;0.32765;0.00493;0.0
6;0.0;0;13.5;2014-01-01 06:00:00;1.5;7;0.633266666666667;0.633266666666667;0.0;0.633266666666667;0.00493;0.0
7;0.00321666666666667;0;13.5;2014-01-01 07:00:00;1.5;8;0.62965;0.620266666666667;0.00321666666666667;0.62965;0.0504;0.00321666666666667
8;0.46778333333333366;0;13.5;2014-01-01 08:00:00;1.5;9;0.356183333333333;-0.1084;0.464566666666667;0.356183333333333;0.0504;0.464566666666667
9;1.4187000000000007;0;13.5;2014-01-01 09:00:00;1.5;10;0.259683333333333;-0.691183333333333;0.950916666666667;0.259683333333333;0.0504;0.950916666666667
10;2.929316666666671;0;13.5;2014-01-01 10:00:00;1.5;11;0.500016666666667;-1.01063333333333;1.51061666666667;0.500016666666667;0.0504;1.51061666666667
11;4.253233333333341;0;13.5;2014-01-01 11:00:00;1.5;12;0.49705;-0.826933333333333;1.32391666666667;0.49705;0.0504;1.32391666666667
12;5.371100000000011;0;13.5;2014-01-01 12:00:00;1.5;13;0.3587;-0.759116666666667;1.11786666666667;0.3587;0.0504;1.11786666666667
13;7.009433333333341;0;13.5;2014-01-01 13:00:00;1.5;14;0.699866666666667;-0.938533333333333;1.63833333333333;0.699866666666667;0.0504;1.63833333333333
14;8.623683333333341;0;13.5;2014-01-01 14:00:00;1.5;15;0.34955;-1.26461666666667;1.61425;0.34955;0.0504;1.61425
15;9.211650000000008;0;13.5;2014-01-01 15:00:00;1.5;16;0.428783333333333;-0.159283333333333;0.587966666666667;0.428783333333333;0.0504;0.587966666666667
16;9.586000000000007;0;13.5;2014-01-01 16:00:00;1.5;17;0.465083333333333;0.0907;0.37435;0.465083333333333;0.0504;0.37435
17;9.729350000000007;0;13.5;2014-01-01 17:00:00;1.5;18;0.698766666666667;0.5473;0.14335;0.698766666666667;0.0504;0.14335
18;9.729350000000007;0;13.5;2014-01-01 18:00:00;1.5;19;0.58865;0.58865;0.0;0.58865;0.0504;0.0
19;9.729350000000007;0;13.5;2014-01-01 19:00:00;1.5;20;0.447116666666667;0.447116666666667;0.0;0.447116666666667;0.0504;0.0
20;9.729350000000007;0;13.5;2014-01-01 20:00:00;1.5;21;0.57445;0.57445;0.0;0.57445;0.0504;0.0
21;9.729350000000007;0;13.5;2014-01-01 21:00:00;1.5;22;0.471966666666667;0.471966666666667;0.0;0.471966666666667;0.0504;0.0
22;9.729350000000007;0;13.5;2014-01-01 22:00:00;1.5;23;0.44405;0.44405;0.0;0.44405;0.0504;0.0
23;9.729350000000007;0;13.5;2014-01-01 23:00:00;1.5;24;0.536633333333333;0.536633333333333;0.0;0.536633333333333;0.00493;0.0
24;9.729350000000007;0;13.5;2014-01-02 00:00:00;1.5;25;0.251233333333333;0.251233333333333;0.0;0.251233333333333;0.00493;0.0
25;9.729350000000007;0;13.5;2014-01-02 01:00:00;1.5;26;0.23475;0.23475;0.0;0.23475;0.00493;0.0
26;9.729350000000007;0;13.5;2014-01-02 02:00:00;1.5;27;0.233016666666667;0.233016666666667;0.0;0.233016666666667;0.00493;0.0
27;9.729350000000007;0;13.5;2014-01-02 03:00:00;1.5;28;0.244233333333333;0.244233333333333;0.0;0.244233333333333;0.00493;0.0
28;9.729350000000007;0;13.5;2014-01-02 04:00:00;1.5;29;0.253616666666667;0.253616666666667;0.0;0.253616666666667;0.00493;0.0
29;9.729350000000007;0;13.5;2014-01-02 05:00:00;1.5;30;0.388033333333333;0.388033333333333;0.0;0.388033333333333;0.00493;0.0
30;9.729350000000007;0;13.5;2014-01-02 06:00:00;1.5;31;0.728216666666667;0.728216666666667;0.0;0.728216666666667;0.00493;0.0
31;9.739066666666673;0;13.5;2014-01-02 07:00:00;1.5;32;0.335883333333333;0.321483333333333;0.00971666666666667;0.335883333333333;0.0504;0.00971666666666667
32;10.09413333333334;0;13.5;2014-01-02 08:00:00;1.5;33;0.2404;-0.1145;0.355066666666667;0.2404;0.0504;0.355066666666667
33;11.076866666666675;0;13.5;2014-01-02 09:00:00;1.5;34;0.237933333333333;-0.74475;0.982733333333333;0.237933333333333;0.0504;0.982733333333333
34;12.718383333333344;0;13.5;2014-01-02 10:00:00;1.5;35;0.211433333333333;-1.43013333333333;1.64151666666667;0.211433333333333;0.0504;1.64151666666667
35;13.5;0;13.5;2014-01-02 11:00:00;1.5;36;0.2419;-1.9408;2.18268333333333;0.2419;0.0504;0.7816166666666562
36;13.5;0;13.5;2014-01-02 12:00:00;1.5;37;0.2616;-2.23783333333333;2.49951666666667;0.2616;0.0504;0.0
37;13.5;0;13.5;2014-01-02 13:00:00;1.5;38;0.243366666666667;-2.22648333333333;2.46993333333333;0.243366666666667;0.0504;0.0
38;13.5;0;13.5;2014-01-02 14:00:00;1.5;39;0.212166666666667;-1.89848333333333;2.11066666666667;0.212166666666667;0.0504;-4.440892098500626e-16
39;13.5;0;13.5;2014-01-02 15:00:00;1.5;40;0.2333;-1.52275;1.7559;0.2333;0.0504;-4.440892098500626e-16
40;13.5;0;13.5;2014-01-02 16:00:00;1.5;41;0.255466666666667;-0.967166666666667;1.22256666666667;0.255466666666667;0.0504;8.881784197001252e-16
41;13.5;0;13.5;2014-01-02 17:00:00;1.5;42;0.218333333333333;-0.0515666666666667;0.266516666666667;0.218333333333333;0.0504;-8.326672684688674e-16
42;13.5;0;13.5;2014-01-02 18:00:00;1.5;43;0.198666666666667;0.198666666666667;0.0;0.198666666666667;0.0504;0.0
43;13.5;0;13.5;2014-01-02 19:00:00;1.5;44;0.523983333333333;0.523983333333333;0.0;0.523983333333333;0.0504;0.0
44;13.5;0;13.5;2014-01-02 20:00:00;1.5;45;1.02446666666667;1.02446666666667;0.0;1.02446666666667;0.0504;0.0
45;13.5;0;13.5;2014-01-02 21:00:00;1.5;46;0.639416666666667;0.639416666666667;0.0;0.639416666666667;0.0504;0.0
46;13.5;0;13.5;2014-01-02 22:00:00;1.5;47;0.819133333333333;0.819133333333333;0.0;0.819133333333333;0.0504;0.0
47;13.5;0;13.5;2014-01-02 23:00:00;1.5;48;0.255683333333333;0.255683333333333;0.0;0.255683333333333;0.00493;0.0
48;13.5;0;13.5;2014-01-03 00:00:00;1.5;49;0.2125;0.2125;0.0;0.2125;0.00493;0.0
49;13.5;0;13.5;2014-01-03 01:00:00;1.5;50;0.330666666666667;0.330666666666667;0.0;0.330666666666667;0.00493;0.0
50;13.5;0;13.5;2014-01-03 02:00:00;1.5;51;0.346283333333333;0.346283333333333;0.0;0.346283333333333;0.00493;0.0
51;13.5;0;13.5;2014-01-03 03:00:00;1.5;52;0.360333333333333;0.360333333333333;0.0;0.360333333333333;0.00493;0.0
52;13.5;0;13.5;2014-01-03 04:00:00;1.5;53;0.3478;0.3478;0.0;0.3478;0.00493;0.0
53;13.5;0;13.5;2014-01-03 05:00:00;1.5;54;0.348916666666667;0.348916666666667;0.0;0.348916666666667;0.00493;0.0
54;13.5;0;13.5;2014-01-03 06:00:00;1.5;55;0.728716666666667;0.728716666666667;0.0;0.728716666666667;0.00493;0.0
55;13.5;0;13.5;2014-01-03 07:00:00;1.5;56;0.52525;0.514733333333333;0.00521666666666667;0.52525;0.0504;-8.656270145124267e-16
56;13.5;0;13.5;2014-01-03 08:00:00;1.5;57;0.239983333333333;-0.28615;0.526083333333333;0.239983333333333;0.0504;6.661338147750939e-16
57;13.5;0;13.5;2014-01-03 09:00:00;1.5;58;0.247733333333333;-0.7915;1.0393;0.247733333333333;0.0504;-8.881784197001252e-16
58;13.5;0;13.5;2014-01-03 10:00:00;1.5;59;0.232;-1.3914;1.62351666666667;0.232;0.0504;-6.661338147750939e-16
59;13.5;0;13.5;2014-01-03 11:00:00;1.5;60;0.2178;-1.97068333333333;2.18841666666667;0.2178;0.0504;-4.440892098500626e-16
60;13.5;0;13.5;2014-01-03 12:00:00;1.5;61;0.373116666666667;-2.16116666666667;2.53428333333333;0.373116666666667;0.0504;-8.881784197001252e-16
61;13.5;0;13.5;2014-01-03 13:00:00;1.5;62;0.297633333333333;-2.37076666666667;2.66836666666667;0.297633333333333;0.0504;-8.881784197001252e-16
62;13.5;0;13.5;2014-01-03 14:00:00;1.5;63;0.246566666666667;-2.29008333333333;2.53665;0.246566666666667;0.0504;-1.7763568394002505e-15
63;13.5;0;13.5;2014-01-03 15:00:00;1.5;64;0.227033333333333;-1.91521666666667;2.14213333333333;0.227033333333333;0.0504;0.0
64;13.5;0;13.5;2014-01-03 16:00:00;1.5;65;0.227183333333333;-1.2015;1.42875;0.227183333333333;0.0504;-8.881784197001252e-16
65;13.5;0;13.5;2014-01-03 17:00:00;1.5;66;0.228483333333333;-0.0675666666666667;0.289783333333333;0.228483333333333;0.0504;6.106226635438361e-16
66;13.5;0;13.5;2014-01-03 18:00:00;1.5;67;0.227716666666667;0.227716666666667;0.0;0.227716666666667;0.0504;0.0
67;13.5;0;13.5;2014-01-03 19:00:00;1.5;68;0.60075;0.60075;0.0;0.60075;0.0504;0.0
68;13.5;0;13.5;2014-01-03 20:00:00;1.5;69;0.952183333333333;0.952183333333333;0.0;0.952183333333333;0.0504;0.0
69;13.5;0;13.5;2014-01-03 21:00:00;1.5;70;0.792333333333333;0.792333333333333;0.0;0.792333333333333;0.0504;0.0
70;13.5;0;13.5;2014-01-03 22:00:00;1.5;71;0.725583333333333;0.725583333333333;0.0;0.725583333333333;0.0504;0.0
71;13.5;0;13.5;2014-01-03 23:00:00;1.5;72;0.623966666666667;0.623966666666667;0.0;0.623966666666667;0.00493;0.0
72;13.5;0;13.5;2014-01-04 00:00:00;1.5;73;0.3525;0.3525;0.0;0.3525;0.00493;0.0
73;13.5;0;13.5;2014-01-04 01:00:00;1.5;74;0.311216666666667;0.311216666666667;0.0;0.311216666666667;0.00493;0.0
74;13.5;0;13.5;2014-01-04 02:00:00;1.5;75;0.331416666666667;0.331416666666667;0.0;0.331416666666667;0.00493;0.0
75;13.5;0;13.5;2014-01-04 03:00:00;1.5;76;0.248083333333333;0.248083333333333;0.0;0.248083333333333;0.00493;0.0
76;13.5;0;13.5;2014-01-04 04:00:00;1.5;77;0.350716666666667;0.350716666666667;0.0;0.350716666666667;0.00493;0.0
77;13.5;0;13.5;2014-01-04 05:00:00;1.5;78;0.338016666666667;0.338016666666667;0.0;0.338016666666667;0.00493;0.0
78;13.5;0;13.5;2014-01-04 06:00:00;1.5;79;0.812216666666667;0.812216666666667;0.0;0.812216666666667;0.00493;0.0
79;13.5;0;13.5;2014-01-04 07:00:00;1.5;80;0.540666666666667;0.5272;0.00815;0.540666666666667;0.0504;-5.464378949326942e-16
80;13.5;0;13.5;2014-01-04 08:00:00;1.5;81;0.384466666666667;-0.0598666666666667;0.444416666666667;0.384466666666667;0.0504;-1.1102230246251565e-16
81;13.5;0;13.5;2014-01-04 09:00:00;1.5;82;0.31805;-0.6354;0.953483333333333;0.31805;0.0504;2.220446049250313e-16
82;13.5;0;13.5;2014-01-04 10:00:00;1.5;83;0.439166666666667;-0.9301;1.36935;0.439166666666667;0.0504;-6.661338147750939e-16
83;13.5;0;13.5;2014-01-04 11:00:00;1.5;84;0.242683333333333;-1.31323333333333;1.55598333333333;0.242683333333333;0.0504;-2.220446049250313e-16
84;13.5;0;13.5;2014-01-04 12:00:00;1.5;85;0.25235;-2.14621666666667;2.39845;0.25235;0.0504;-4.440892098500626e-16
85;13.5;0;13.5;2014-01-04 13:00:00;1.5;86;0.290883333333333;-2.15713333333333;2.44801666666667;0.290883333333333;0.0504;4.440892098500626e-16
86;13.5;0;13.5;2014-01-04 14:00:00;1.5;87;0.413916666666667;-1.93981666666667;2.35363333333333;0.413916666666667;0.0504;-8.881784197001252e-16
87;13.5;0;13.5;2014-01-04 15:00:00;1.5;88;0.306833333333333;-1.15781666666667;1.46461666666667;0.306833333333333;0.0504;2.220446049250313e-16
88;13.5;0;13.5;2014-01-04 16:00:00;1.5;89;0.620933333333333;-0.644866666666667;1.26585;0.620933333333333;0.0504;-4.440892098500626e-16
89;13.5;0;13.5;2014-01-04 17:00:00;1.5;90;0.587283333333333;0.454766666666667;0.122966666666667;0.587283333333333;0.0504;3.3306690738754696e-16
90;13.5;0;13.5;2014-01-04 18:00:00;1.5;91;0.943916666666667;0.943916666666667;0.0;0.943916666666667;0.0504;0.0
91;13.5;0;13.5;2014-01-04 19:00:00;1.5;92;0.916933333333333;0.916933333333333;0.0;0.916933333333333;0.0504;0.0
92;13.5;0;13.5;2014-01-04 20:00:00;1.5;93;0.722116666666667;0.722116666666667;0.0;0.722116666666667;0.0504;0.0
93;13.5;0;13.5;2014-01-04 21:00:00;1.5;94;0.759633333333333;0.759633333333333;0.0;0.759633333333333;0.0504;0.0
94;13.5;0;13.5;2014-01-04 22:00:00;1.5;95;0.75075;0.75075;0.0;0.75075;0.0504;0.0
95;13.5;0;13.5;2014-01-04 23:00:00;1.5;96;0.3723;0.3723;0.0;0.3723;0.00493;0.0
96;13.5;0;13.5;2014-01-05 00:00:00;1.5;97;0.232533333333333;0.232533333333333;0.0;0.232533333333333;0.00493;0.0
97;13.5;0;13.5;2014-01-05 01:00:00;1.5;98;0.23885;0.23885;0.0;0.23885;0.00493;0.0
98;13.5;0;13.5;2014-01-05 02:00:00;1.5;99;0.237766666666667;0.237766666666667;0.0;0.237766666666667;0.00493;0.0
99;13.5;0;13.5;2014-01-05 03:00:00;1.5;100;0.236433333333333;0.236433333333333;0.0;0.236433333333333;0.00493;0.0
100;13.5;0;13.5;2014-01-05 04:00:00;1.5;101;0.426866666666667;0.426866666666667;0.0;0.426866666666667;0.00493;0.0
101;13.5;0;13.5;2014-01-05 05:00:00;1.5;102;0.63335;0.63335;0.0;0.63335;0.00493;0.0
102;13.5;0;13.5;2014-01-05 06:00:00;1.5;103;0.270666666666667;0.270666666666667;0.0;0.270666666666667;0.00493;0.0
103;13.5;0;13.5;2014-01-05 07:00:00;1.5;104;0.400383333333333;0.37325;0.0228166666666667;0.400383333333333;0.0504;-6.730727086790012e-16
104;13.5;0;13.5;2014-01-05 08:00:00;1.5;105;0.22765;-0.0892833333333333;0.31695;0.22765;0.0504;-2.7755575615628914e-16
105;13.5;0;13.5;2014-01-05 09:00:00;1.5;106;0.221383333333333;-0.343633333333333;0.565016666666667;0.221383333333333;0.0504;2.220446049250313e-16
106;13.5;0;13.5;2014-01-05 10:00:00;1.5;107;0.233916666666667;-1.3714;1.60531666666667;0.233916666666667;0.0504;-4.440892098500626e-16
107;13.5;0;13.5;2014-01-05 11:00:00;1.5;108;0.705033333333333;-1.37503333333333;2.07995;0.705033333333333;0.0504;0.0
108;13.5;0;13.5;2014-01-05 12:00:00;1.5;109;0.294666666666667;-2.25748333333333;2.55206666666667;0.294666666666667;0.0504;1.3322676295501878e-15
109;13.5;0;13.5;2014-01-05 13:00:00;1.5;110;0.551866666666667;-2.14735;2.69916666666667;0.551866666666667;0.0504;-4.440892098500626e-16
110;13.5;0;13.5;2014-01-05 14:00:00;1.5;111;0.574283333333333;-2.02135;2.59558333333333;0.574283333333333;0.0504;-4.440892098500626e-16
111;13.5;0;13.5;2014-01-05 15:00:00;1.5;112;0.612216666666667;-1.50741666666667;2.11963333333333;0.612216666666667;0.0504;8.881784197001252e-16
112;13.5;0;13.5;2014-01-05 16:00:00;1.5;113;0.661316666666667;-0.591633333333333;1.25291666666667;0.661316666666667;0.0504;6.661338147750939e-16
113;13.5;0;13.5;2014-01-05 17:00:00;1.5;114;0.747066666666667;0.660466666666667;0.0771166666666667;0.747066666666667;0.0504;-2.498001805406602e-16
114;13.5;0;13.5;2014-01-05 18:00:00;1.5;115;0.792683333333333;0.792683333333333;0.0;0.792683333333333;0.0504;0.0
115;13.5;0;13.5;2014-01-05 19:00:00;1.5;116;0.828783333333333;0.828783333333333;0.0;0.828783333333333;0.0504;0.0
116;13.5;0;13.5;2014-01-05 20:00:00;1.5;117;0.769833333333333;0.769833333333333;0.0;0.769833333333333;0.0504;0.0
117;13.5;0;13.5;2014-01-05 21:00:00;1.5;118;0.9483;0.9483;0.0;0.9483;0.0504;0.0
118;13.5;0;13.5;2014-01-05 22:00:00;1.5;119;0.757316666666667;0.757316666666667;0.0;0.757316666666667;0.0504;0.0
119;13.5;0;13.5;2014-01-05 23:00:00;1.5;120;0.3129;0.3129;0.0;0.3129;0.00493;0.0
120;13.5;0;13.5;2014-01-06 00:00:00;1.5;121;0.2962;0.2962;0.0;0.2962;0.00493;0.0
121;13.5;0;13.5;2014-01-06 01:00:00;1.5;122;0.337483333333333;0.337483333333333;0.0;0.337483333333333;0.00493;0.0
122;13.5;0;13.5;2014-01-06 02:00:00;1.5;123;0.4104;0.4104;0.0;0.4104;0.00493;0.0
123;13.5;0;13.5;2014-01-06 03:00:00;1.5;124;0.414033333333333;0.414033333333333;0.0;0.414033333333333;0.00493;0.0
124;13.5;0;13.5;2014-01-06 04:00:00;1.5;125;0.430316666666667;0.430316666666667;0.0;0.430316666666667;0.00493;0.0
125;13.5;0;13.5;2014-01-06 05:00:00;1.5;126;0.4512;0.4512;0.0;0.4512;0.00493;0.0
126;13.5;0;13.5;2014-01-06 06:00:00;1.5;127;1.08933333333333;1.08933333333333;0.0;1.08933333333333;0.00493;0.0
127;13.5;0;13.5;2014-01-06 07:00:00;1.5;128;0.764133333333333;0.7537;0.00448333333333333;0.764133333333333;0.0504;3.7903707950093235e-16
128;13.5;0;13.5;2014-01-06 08:00:00;1.5;129;0.227766666666667;-0.0862;0.314;0.227766666666667;0.0504;-5.551115123125783e-17
129;13.5;0;13.5;2014-01-06 09:00:00;1.5;130;0.271933333333333;-0.447516666666667;0.71945;0.271933333333333;0.0504;-1.1102230246251565e-16
130;13.5;0;13.5;2014-01-06 10:00:00;1.5;131;0.431066666666667;-0.665966666666667;1.09705;0.431066666666667;0.0504;6.661338147750939e-16
131;13.5;0;13.5;2014-01-06 11:00:00;1.5;132;0.255483333333333;-1.1597;1.41515;0.255483333333333;0.0504;-6.661338147750939e-16
132;13.5;0;13.5;2014-01-06 12:00:00;1.5;133;0.221133333333333;-1.20888333333333;1.4299;0.221133333333333;0.0504;0.0
133;13.5;0;13.5;2014-01-06 13:00:00;1.5;134;0.2284;-1.71535;1.94383333333333;0.2284;0.0504;-4.440892098500626e-16
134;13.5;0;13.5;2014-01-06 14:00:00;1.5;135;0.255433333333333;-1.63246666666667;1.88793333333333;0.255433333333333;0.0504;6.661338147750939e-16
135;13.5;0;13.5;2014-01-06 15:00:00;1.5;136;0.2212;-1.16706666666667;1.38828333333333;0.2212;0.0504;-2.220446049250313e-16
136;13.5;0;13.5;2014-01-06 16:00:00;1.5;137;0.214866666666667;-0.3321;0.54695;0.214866666666667;0.0504;-6.661338147750939e-16
137;13.5;0;13.5;2014-01-06 17:00:00;1.5;138;0.2427;0.1938;0.03935;0.2427;0.0504;-6.591949208711867e-16
138;13.5;0;13.5;2014-01-06 18:00:00;1.5;139;0.281283333333333;0.281283333333333;0.0;0.281283333333333;0.0504;0.0
139;13.5;0;13.5;2014-01-06 19:00:00;1.5;140;0.528616666666667;0.528616666666667;0.0;0.528616666666667;0.0504;0.0
140;13.5;0;13.5;2014-01-06 20:00:00;1.5;141;0.9878;0.9878;0.0;0.9878;0.0504;0.0
141;13.5;0;13.5;2014-01-06 21:00:00;1.5;142;1.1153;1.1153;0.0;1.1153;0.0504;0.0
142;13.5;0;13.5;2014-01-06 22:00:00;1.5;143;0.685533333333333;0.685533333333333;0.0;0.685533333333333;0.0504;0.0
143;13.5;0;13.5;2014-01-06 23:00:00;1.5;144;0.248883333333333;0.248883333333333;0.0;0.248883333333333;0.00493;0.0
144;13.5;0;13.5;2014-01-07 00:00:00;1.5;145;0.36375;0.36375;0.0;0.36375;0.00493;0.0
145;13.5;0;13.5;2014-01-07 01:00:00;1.5;146;0.344416666666667;0.344416666666667;0.0;0.344416666666667;0.00493;0.0
146;13.5;0;13.5;2014-01-07 02:00:00;1.5;147;0.389866666666667;0.389866666666667;0.0;0.389866666666667;0.00493;0.0
147;13.5;0;13.5;2014-01-07 03:00:00;1.5;148;0.43705;0.43705;0.0;0.43705;0.00493;0.0
148;13.5;0;13.5;2014-01-07 04:00:00;1.5;149;0.435416666666667;0.435416666666667;0.0;0.435416666666667;0.00493;0.0
149;13.5;0;13.5;2014-01-07 05:00:00;1.5;150;0.4124;0.4124;0.0;0.4124;0.00493;0.0
150;13.5;0;13.5;2014-01-07 06:00:00;1.5;151;0.906016666666667;0.906016666666667;0.0;0.906016666666667;0.00493;0.0
151;13.5;0;13.5;2014-01-07 07:00:00;1.5;152;0.52835;0.510233333333333;0.0138333333333333;0.52835;0.0504;8.239936510889834e-16
152;13.5;0;13.5;2014-01-07 08:00:00;1.5;153;0.224583333333333;-0.294666666666667;0.519283333333333;0.224583333333333;0.0504;7.771561172376096e-16
153;13.5;0;13.5;2014-01-07 09:00:00;1.5;154;0.233216666666667;-0.814683333333333;1.04796666666667;0.233216666666667;0.0504;-8.881784197001252e-16
154;13.5;0;13.5;2014-01-07 10:00:00;1.5;155;0.222916666666667;-1.43385;1.65681666666667;0.222916666666667;0.0504;4.440892098500626e-16
155;13.5;0;13.5;2014-01-07 11:00:00;1.5;156;0.317166666666667;-1.91555;2.23283333333333;0.317166666666667;0.0504;0.0
156;13.5;0;13.5;2014-01-07 12:00:00;1.5;157;0.263766666666667;-2.31911666666667;2.58296666666667;0.263766666666667;0.0504;-8.881784197001252e-16
157;13.5;0;13.5;2014-01-07 13:00:00;1.5;158;0.2346;-2.48321666666667;2.71778333333333;0.2346;0.0504;4.440892098500626e-16
158;13.5;0;13.5;2014-01-07 14:00:00;1.5;159;0.216516666666667;-0.984283333333333;1.20071666666667;0.216516666666667;0.0504;-2.220446049250313e-16
159;13.5;0;13.5;2014-01-07 15:00:00;1.5;160;0.240533333333333;-0.483;0.723466666666667;0.240533333333333;0.0504;1.1102230246251565e-16
160;13.5;0;13.5;2014-01-07 16:00:00;1.5;161;0.2078;-0.0390333333333333;0.246833333333333;0.2078;0.0504;-2.7755575615628914e-17
161;13.5;0;13.5;2014-01-07 17:00:00;1.5;162;0.220416666666667;0.19805;0.0121833333333333;0.220416666666667;0.0504;5.30825383648903e-16
162;13.5;0;13.5;2014-01-07 18:00:00;1.5;163;0.241233333333333;0.241233333333333;0.0;0.241233333333333;0.0504;0.0
163;13.5;0;13.5;2014-01-07 19:00:00;1.5;164;0.491483333333333;0.491483333333333;0.0;0.491483333333333;0.0504;0.0
164;13.5;0;13.5;2014-01-07 20:00:00;1.5;165;0.907133333333333;0.907133333333333;0.0;0.907133333333333;0.0504;0.0
165;13.5;0;13.5;2014-01-07 21:00:00;1.5;166;0.7672;0.7672;0.0;0.7672;0.0504;0.0
166;13.5;0;13.5;2014-01-07 22:00:00;1.5;167;0.730016666666667;0.730016666666667;0.0;0.730016666666667;0.0504;0.0
167;13.5;0;13.5;2014-01-07 23:00:00;1.5;168;0.371316666666667;0.371316666666667;0.0;0.371316666666667;0.00493;0.0
168;13.5;0;13.5;2014-01-08 00:00:00;1.5;169;0.288883333333333;0.288883333333333;0.0;0.288883333333333;0.00493;0.0
169;13.5;0;13.5;2014-01-08 01:00:00;1.5;170;0.289783333333333;0.289783333333333;0.0;0.289783333333333;0.00493;0.0
170;13.5;0;13.5;2014-01-08 02:00:00;1.5;171;0.347433333333333;0.347433333333333;0.0;0.347433333333333;0.00493;0.0
171;13.5;0;13.5;2014-01-08 03:00:00;1.5;172;0.356966666666667;0.356966666666667;0.0;0.356966666666667;0.00493;0.0
172;13.5;0;13.5;2014-01-08 04:00:00;1.5;173;0.3598;0.3598;0.0;0.3598;0.00493;0.0
173;13.5;0;13.5;2014-01-08 05:00:00;1.5;174;0.365083333333333;0.365083333333333;0.0;0.365083333333333;0.00493;0.0
174;13.5;0;13.5;2014-01-08 06:00:00;1.5;175;0.553366666666667;0.553366666666667;0.0;0.553366666666667;0.00493;0.0
175;13.5;0;13.5;2014-01-08 07:00:00;1.5;176;0.453966666666667;0.444366666666667;0.00381666666666667;0.453966666666667;0.0504;-5.754945131553058e-16
176;13.5;0;13.5;2014-01-08 08:00:00;1.5;177;0.285216666666667;0.226116666666667;0.0589666666666667;0.285216666666667;0.0504;9.020562075079397e-17
177;13.5;0;13.5;2014-01-08 09:00:00;1.5;178;0.279533333333333;0.2263;0.05325;0.279533333333333;0.0504;-2.42861286636753e-16
178;13.5;0;13.5;2014-01-08 10:00:00;1.5;179;0.397083333333333;0.126533333333333;0.2706;0.397083333333333;0.0504;5.551115123125783e-17
179;13.5;0;13.5;2014-01-08 11:00:00;1.5;180;0.2683;-0.12965;0.3979;0.2683;0.0504;5.551115123125783e-17
180;13.5;0;13.5;2014-01-08 12:00:00;1.5;181;0.289683333333333;-0.128333333333333;0.417966666666667;0.289683333333333;0.0504;3.885780586188048e-16
181;13.5;0;13.5;2014-01-08 13:00:00;1.5;182;0.3012;0.0061;0.295016666666667;0.3012;0.0504;-1.6653345369377348e-16
182;13.5;0;13.5;2014-01-08 14:00:00;1.5;183;0.2584;0.0843833333333333;0.174;0.2584;0.0504;4.996003610813204e-16
183;13.5;0;13.5;2014-01-08 15:00:00;1.5;184;0.269783333333333;0.1458;0.123933333333333;0.269783333333333;0.0504;-4.440892098500626e-16
184;13.5;0;13.5;2014-01-08 16:00:00;1.5;185;0.2987;0.1882;0.110633333333333;0.2987;0.0504;5.273559366969494e-16
185;13.5;0;13.5;2014-01-08 17:00:00;1.5;186;0.298616666666667;0.297216666666667;0.0;0.298616666666667;0.0504;0.0
186;13.5;0;13.5;2014-01-08 18:00:00;1.5;187;0.254216666666667;0.254216666666667;0.0;0.254216666666667;0.0504;0.0
187;13.5;0;13.5;2014-01-08 19:00:00;1.5;188;0.585566666666667;0.585566666666667;0.0;0.585566666666667;0.0504;0.0
188;13.5;0;13.5;2014-01-08 20:00:00;1.5;189;0.720866666666667;0.720866666666667;0.0;0.720866666666667;0.0504;0.0
189;13.5;0;13.5;2014-01-08 21:00:00;1.5;190;0.69415;0.69415;0.0;0.69415;0.0504;0.0
190;13.5;0;13.5;2014-01-08 22:00:00;1.5;191;0.5445;0.5445;0.0;0.5445;0.0504;0.0
191;13.5;0;13.5;2014-01-08 23:00:00;1.5;192;0.236716666666667;0.236716666666667;0.0;0.236716666666667;0.00493;0.0
192;13.5;0;13.5;2014-01-09 00:00:00;1.5;193;0.233916666666667;0.233916666666667;0.0;0.233916666666667;0.00493;0.0
193;13.5;0;13.5;2014-01-09 01:00:00;1.5;194;0.218433333333333;0.218433333333333;0.0;0.218433333333333;0.00493;0.0
194;13.5;0;13.5;2014-01-09 02:00:00;1.5;195;0.318933333333333;0.318933333333333;0.0;0.318933333333333;0.00493;0.0
195;13.5;0;13.5;2014-01-09 03:00:00;1.5;196;0.225433333333333;0.225433333333333;0.0;0.225433333333333;0.00493;0.0
196;13.5;0;13.5;2014-01-09 04:00:00;1.5;197;0.23185;0.23185;0.0;0.23185;0.00493;0.0
197;13.5;0;13.5;2014-01-09 05:00:00;1.5;198;0.343316666666667;0.343316666666667;0.0;0.343316666666667;0.00493;0.0
198;13.5;0;13.5;2014-01-09 06:00:00;1.5;199;0.707516666666667;0.707516666666667;0.0;0.707516666666667;0.00493;0.0
199;13.5;0;13.5;2014-01-09 07:00:00;1.5;200;0.382383333333333;0.36405;0.0125166666666667;0.382383333333333;0.0504;1.9081958235744878e-16
200;13.5;0;13.5;2014-01-09 08:00:00;1.5;201;0.213366666666667;0.0379166666666667;0.175483333333333;0.213366666666667;0.0504;6.661338147750939e-16
201;13.5;0;13.5;2014-01-09 09:00:00;1.5;202;0.202966666666667;-0.273316666666667;0.476266666666667;0.202966666666667;0.0504;-4.996003610813204e-16
202;13.5;0;13.5;2014-01-09 10:00:00;1.5;203;0.2357;-0.5208;0.7564;0.2357;0.0504;6.661338147750939e-16
203;13.5;0;13.5;2014-01-09 11:00:00;1.5;204;0.2348;-0.480066666666667;0.714833333333333;0.2348;0.0504;0.0
204;13.5;0;13.5;2014-01-09 12:00:00;1.5;205;0.229416666666667;-0.441516666666667;0.670966666666667;0.229416666666667;0.0504;3.3306690738754696e-16
205;13.5;0;13.5;2014-01-09 13:00:00;1.5;206;0.235;-0.59895;0.834;0.235;0.0504;3.3306690738754696e-16
206;13.5;0;13.5;2014-01-09 14:00:00;1.5;207;0.224566666666667;-1.89305;2.1176;0.224566666666667;0.0504;4.440892098500626e-16
207;13.5;0;13.5;2014-01-09 15:00:00;1.5;208;0.242033333333333;-1.10791666666667;1.3499;0.242033333333333;0.0504;2.220446049250313e-16
208;13.5;0;13.5;2014-01-09 16:00:00;1.5;209;0.228466666666667;-0.0454833333333333;0.273933333333333;0.228466666666667;0.0504;-8.326672684688674e-16
209;13.5;0;13.5;2014-01-09 17:00:00;1.5;210;0.243033333333333;0.19375;0.0353833333333333;0.243033333333333;0.0504;-4.649058915617843e-16
210;13.5;0;13.5;2014-01-09 18:00:00;1.5;211;0.2156;0.2156;0.0;0.2156;0.0504;0.0
211;13.5;0;13.5;2014-01-09 19:00:00;1.5;212;0.444183333333333;0.444183333333333;0.0;0.444183333333333;0.0504;0.0
212;13.5;0;13.5;2014-01-09 20:00:00;1.5;213;0.74705;0.74705;0.0;0.74705;0.0504;0.0
213;13.5;0;13.5;2014-01-09 21:00:00;1.5;214;0.747416666666667;0.747416666666667;0.0;0.747416666666667;0.0504;0.0
214;13.5;0;13.5;2014-01-09 22:00:00;1.5;215;0.47285;0.47285;0.0;0.47285;0.0504;0.0
215;13.5;0;13.5;2014-01-09 23:00:00;1.5;216;0.239833333333333;0.239833333333333;0.0;0.239833333333333;0.00493;0.0
216;13.5;0;13.5;2014-01-10 00:00:00;1.5;217;0.23505;0.23505;0.0;0.23505;0.00493;0.0
217;13.5;0;13.5;2014-01-10 01:00:00;1.5;218;0.2338;0.2338;0.0;0.2338;0.00493;0.0
218;13.5;0;13.5;2014-01-10 02:00:00;1.5;219;0.227483333333333;0.227483333333333;0.0;0.227483333333333;0.00493;0.0
219;13.5;0;13.5;2014-01-10 03:00:00;1.5;220;0.226466666666667;0.226466666666667;0.0;0.226466666666667;0.00493;0.0
220;13.5;0;13.5;2014-01-10 04:00:00;1.5;221;0.2125;0.2125;0.0;0.2125;0.00493;0.0
221;13.5;0;13.5;2014-01-10 05:00:00;1.5;222;0.280433333333333;0.280433333333333;0.0;0.280433333333333;0.00493;0.0
222;13.5;0;13.5;2014-01-10 06:00:00;1.5;223;0.635316666666667;0.635316666666667;0.0;0.635316666666667;0.00493;0.0
223;13.5;0;13.5;2014-01-10 07:00:00;1.5;224;0.343866666666667;0.33885;0.0;0.343866666666667;0.0504;0.0
224;13.5;0;13.5;2014-01-10 08:00:00;1.5;225;0.225733333333333;0.152;0.0737333333333333;0.225733333333333;0.0504;9.71445146547012e-17
225;13.5;0;13.5;2014-01-10 09:00:00;1.5;226;0.223883333333333;-0.04305;0.266833333333333;0.223883333333333;0.0504;3.885780586188048e-16
226;13.5;0;13.5;2014-01-10 10:00:00;1.5;227;0.204933333333333;-0.0338666666666667;0.23885;0.204933333333333;0.0504;6.661338147750939e-16
227;13.5;0;13.5;2014-01-10 11:00:00;1.5;228;0.218716666666667;-0.3977;0.616266666666667;0.218716666666667;0.0504;6.661338147750939e-16
228;13.5;0;13.5;2014-01-10 12:00:00;1.5;229;0.234816666666667;-0.1972;0.432033333333333;0.234816666666667;0.0504;-5.551115123125783e-17
229;13.5;0;13.5;2014-01-10 13:00:00;1.5;230;0.235216666666667;-0.739383333333333;0.97465;0.235216666666667;0.0504;-4.440892098500626e-16
230;13.5;0;13.5;2014-01-10 14:00:00;1.5;231;0.241166666666667;-1.02683333333333;1.26796666666667;0.241166666666667;0.0504;2.220446049250313e-16
231;13.5;0;13.5;2014-01-10 15:00:00;1.5;232;0.234766666666667;-0.351666666666667;0.586466666666667;0.234766666666667;0.0504;5.551115123125783e-16
232;13.5;0;13.5;2014-01-10 16:00:00;1.5;233;0.2088;-0.0628;0.271466666666667;0.2088;0.0504;5.551115123125783e-17
233;13.5;0;13.5;2014-01-10 17:00:00;1.5;234;0.21295;0.198766666666667;0.00205;0.21295;0.0504;-5.512083844916305e-16
234;13.5;0;13.5;2014-01-10 18:00:00;1.5;235;0.23275;0.23275;0.0;0.23275;0.0504;0.0
235;13.5;0;13.5;2014-01-10 19:00:00;1.5;236;0.26775;0.26775;0.0;0.26775;0.0504;0.0
236;13.5;0;13.5;2014-01-10 20:00:00;1.5;237;0.30775;0.30775;0.0;0.30775;0.0504;0.0
237;13.5;0;13.5;2014-01-10 21:00:00;1.5;238;0.778233333333333;0.778233333333333;0.0;0.778233333333333;0.0504;0.0
238;13.5;0;13.5;2014-01-10 22:00:00;1.5;239;0.578316666666667;0.578316666666667;0.0;0.578316666666667;0.0504;0.0
239;13.5;0;13.5;2014-01-10 23:00:00;1.5;240;0.405866666666667;0.405866666666667;0.0;0.405866666666667;0.00493;0.0
240;13.5;0;13.5;2014-01-11 00:00:00;1.5;241;0.301533333333333;0.301533333333333;0.0;0.301533333333333;0.00493;0.0
241;13.5;0;13.5;2014-01-11 01:00:00;1.5;242;0.30025;0.30025;0.0;0.30025;0.00493;0.0
242;13.5;0;13.5;2014-01-11 02:00:00;1.5;243;0.301133333333333;0.301133333333333;0.0;0.301133333333333;0.00493;0.0
243;13.5;0;13.5;2014-01-11 03:00:00;1.5;244;0.300683333333333;0.300683333333333;0.0;0.300683333333333;0.00493;0.0
244;13.5;0;13.5;2014-01-11 04:00:00;1.5;245;0.3377;0.3377;0.0;0.3377;0.00493;0.0
245;13.5;0;13.5;2014-01-11 05:00:00;1.5;246;0.437666666666667;0.437666666666667;0.0;0.437666666666667;0.00493;0.0
246;13.5;0;13.5;2014-01-11 06:00:00;1.5;247;0.28665;0.28665;0.0;0.28665;0.00493;0.0
247;13.5;0;13.5;2014-01-11 07:00:00;1.5;248;0.367016666666667;0.354466666666667;0.00796666666666667;0.367016666666667;0.0504;2.1510571102112408e-16
248;13.5;0;13.5;2014-01-11 08:00:00;1.5;249;0.23935;-0.236566666666667;0.475833333333333;0.23935;0.0504;7.771561172376096e-16
249;13.5;0;13.5;2014-01-11 09:00:00;1.5;250;0.268716666666667;-0.711633333333333;0.980283333333333;0.268716666666667;0.0504;4.440892098500626e-16
250;13.5;0;13.5;2014-01-11 10:00:00;1.5;251;0.29695;-1.22533333333333;1.52231666666667;0.29695;0.0504;-2.220446049250313e-16
251;13.5;0;13.5;2014-01-11 11:00:00;1.5;252;0.241983333333333;-1.82745;2.06946666666667;0.241983333333333;0.0504;-4.440892098500626e-16
252;13.5;0;13.5;2014-01-11 12:00:00;1.5;253;0.364283333333333;-2.02293333333333;2.38728333333333;0.364283333333333;0.0504;8.881784197001252e-16
253;13.5;0;13.5;2014-01-11 13:00:00;1.5;254;0.360216666666667;-2.14446666666667;2.50466666666667;0.360216666666667;0.0504;1.3322676295501878e-15
254;13.5;0;13.5;2014-01-11 14:00:00;1.5;255;0.338416666666667;-2.03503333333333;2.37346666666667;0.338416666666667;0.0504;8.881784197001252e-16
255;13.5;0;13.5;2014-01-11 15:00:00;1.5;256;0.75985;-1.27603333333333;2.03586666666667;0.75985;0.0504;-8.881784197001252e-16
256;13.5;0;13.5;2014-01-11 16:00:00;1.5;257;0.424716666666667;-0.98875;1.41341666666667;0.424716666666667;0.0504;0.0
257;13.5;0;13.5;2014-01-11 17:00:00;1.5;258;0.35;-0.0187666666666667;0.3649;0.35;0.0504;-4.440892098500626e-16
258;13.5;0;13.5;2014-01-11 18:00:00;1.5;259;0.2283;0.2283;0.0;0.2283;0.0504;0.0
259;13.5;0;13.5;2014-01-11 19:00:00;1.5;260;0.278333333333333;0.278333333333333;0.0;0.278333333333333;0.0504;0.0
260;13.5;0;13.5;2014-01-11 20:00:00;1.5;261;0.530683333333333;0.530683333333333;0.0;0.530683333333333;0.0504;0.0
261;13.5;0;13.5;2014-01-11 21:00:00;1.5;262;0.62625;0.62625;0.0;0.62625;0.0504;0.0
262;13.5;0;13.5;2014-01-11 22:00:00;1.5;263;0.589866666666667;0.589866666666667;0.0;0.589866666666667;0.0504;0.0
263;13.5;0;13.5;2014-01-11 23:00:00;1.5;264;0.325866666666667;0.325866666666667;0.0;0.325866666666667;0.00493;0.0
264;13.5;0;13.5;2014-01-12 00:00:00;1.5;265;0.224166666666667;0.224166666666667;0.0;0.224166666666667;0.00493;0.0
265;13.5;0;13.5;2014-01-12 01:00:00;1.5;266;0.2212;0.2212;0.0;0.2212;0.00493;0.0
266;13.5;0;13.5;2014-01-12 02:00:00;1.5;267;0.221716666666667;0.221716666666667;0.0;0.221716666666667;0.00493;0.0
267;13.5;0;13.5;2014-01-12 03:00:00;1.5;268;0.231433333333333;0.231433333333333;0.0;0.231433333333333;0.00493;0.0
268;13.5;0;13.5;2014-01-12 04:00:00;1.5;269;0.2451;0.2451;0.0;0.2451;0.00493;0.0
269;13.5;0;13.5;2014-01-12 05:00:00;1.5;270;0.239833333333333;0.239833333333333;0.0;0.239833333333333;0.00493;0.0
270;13.5;0;13.5;2014-01-12 06:00:00;1.5;271;0.609283333333333;0.609283333333333;0.0;0.609283333333333;0.00493;0.0
271;13.5;0;13.5;2014-01-12 07:00:00;1.5;272;0.522066666666667;0.5129;0.00443333333333333;0.522066666666667;0.0504;2.6281060661048627e-16
272;13.5;0;13.5;2014-01-12 08:00:00;1.5;273;0.45135;-0.0214833333333333;0.472783333333333;0.45135;0.0504;7.771561172376096e-16
273;13.5;0;13.5;2014-01-12 09:00:00;1.5;274;0.3226;-0.485933333333333;0.808466666666667;0.3226;0.0504;-7.771561172376096e-16
274;13.5;0;13.5;2014-01-12 10:00:00;1.5;275;0.453383333333333;-0.580333333333333;1.03363333333333;0.453383333333333;0.0504;-6.661338147750939e-16
275;13.5;0;13.5;2014-01-12 11:00:00;1.5;276;0.377116666666667;-0.518583333333333;0.895683333333333;0.377116666666667;0.0504;5.551115123125783e-16
276;13.5;0;13.5;2014-01-12 12:00:00;1.5;277;0.38365;0.0653333333333333;0.318383333333333;0.38365;0.0504;-2.220446049250313e-16
277;13.5;0;13.5;2014-01-12 13:00:00;1.5;278;0.5882;0.377566666666667;0.21075;0.5882;0.0504;-8.881784197001252e-16
278;13.5;0;13.5;2014-01-12 14:00:00;1.5;279;0.657266666666667;0.143616666666667;0.513683333333333;0.657266666666667;0.0504;2.220446049250313e-16
279;13.5;0;13.5;2014-01-12 15:00:00;1.5;280;0.609033333333333;0.505983333333333;0.10305;0.609033333333333;0.0504;3.608224830031759e-16
280;13.5;0;13.5;2014-01-12 16:00:00;1.5;281;0.882083333333333;0.805433333333333;0.0766666666666667;0.882083333333333;0.0504;4.85722573273506e-16
281;13.5;0;13.5;2014-01-12 17:00:00;1.5;282;0.474083333333333;0.45435;0.00995;0.474083333333333;0.0504;9.71445146547012e-17
282;13.5;0;13.5;2014-01-12 18:00:00;1.5;283;0.614366666666667;0.614366666666667;0.0;0.614366666666667;0.0504;0.0
283;13.5;0;13.5;2014-01-12 19:00:00;1.5;284;1.01051666666667;1.01051666666667;0.0;1.01051666666667;0.0504;0.0
284;13.5;0;13.5;2014-01-12 20:00:00;1.5;285;1.09426666666667;1.09426666666667;0.0;1.09426666666667;0.0504;0.0
285;13.5;0;13.5;2014-01-12 21:00:00;1.5;286;0.97415;0.97415;0.0;0.97415;0.0504;0.0
286;13.5;0;13.5;2014-01-12 22:00:00;1.5;287;0.896083333333333;0.896083333333333;0.0;0.896083333333333;0.0504;0.0
287;13.5;0;13.5;2014-01-12 23:00:00;1.5;288;0.519433333333333;0.519433333333333;0.0;0.519433333333333;0.00493;0.0
288;13.5;0;13.5;2014-01-13 00:00:00;1.5;289;0.244066666666667;0.244066666666667;0.0;0.244066666666667;0.00493;0.0
289;13.5;0;13.5;2014-01-13 01:00:00;1.5;290;0.232883333333333;0.232883333333333;0.0;0.232883333333333;0.00493;0.0
290;13.5;0;13.5;2014-01-13 02:00:00;1.5;291;0.233633333333333;0.233633333333333;0.0;0.233633333333333;0.00493;0.0
291;13.5;0;13.5;2014-01-13 03:00:00;1.5;292;0.233616666666667;0.233616666666667;0.0;0.233616666666667;0.00493;0.0
292;13.5;0;13.5;2014-01-13 04:00:00;1.5;293;0.231883333333333;0.231883333333333;0.0;0.231883333333333;0.00493;0.0
293;13.5;0;13.5;2014-01-13 05:00:00;1.5;294;0.379833333333333;0.379833333333333;0.0;0.379833333333333;0.00493;0.0
294;13.5;0;13.5;2014-01-13 06:00:00;1.5;295;0.6517;0.6517;0.0;0.6517;0.00493;0.0
295;13.5;0;13.5;2014-01-13 07:00:00;1.5;296;0.35525;0.343633333333333;0.00651666666666667;0.35525;0.0504;3.877106968808164e-16
296;13.5;0;13.5;2014-01-13 08:00:00;1.5;297;0.2214;-0.25135;0.472766666666667;0.2214;0.0504;2.220446049250313e-16
297;13.5;0;13.5;2014-01-13 09:00:00;1.5;298;0.235916666666667;-0.744883333333333;0.980766666666667;0.235916666666667;0.0504;-6.661338147750939e-16
298;13.5;0;13.5;2014-01-13 10:00:00;1.5;299;0.243433333333333;-1.3118;1.55526666666667;0.243433333333333;0.0504;0.0
299;13.5;0;13.5;2014-01-13 11:00:00;1.5;300;0.246483333333333;-1.8768;2.12321666666667;0.246483333333333;0.0504;4.440892098500626e-16
300;13.5;0;13.5;2014-01-13 12:00:00;1.5;301;0.26155;-2.22288333333333;2.48446666666667;0.26155;0.0504;4.440892098500626e-16
301;13.5;0;13.5;2014-01-13 13:00:00;1.5;302;0.253666666666667;-2.36325;2.61688333333333;0.253666666666667;0.0504;-4.440892098500626e-16
302;13.5;0;13.5;2014-01-13 14:00:00;1.5;303;0.242766666666667;-2.26743333333333;2.51013333333333;0.242766666666667;0.0504;1.3322676295501878e-15
303;13.5;0;13.5;2014-01-13 15:00:00;1.5;304;0.2387;-1.92948333333333;2.16821666666667;0.2387;0.0504;4.440892098500626e-16
304;13.5;0;13.5;2014-01-13 16:00:00;1.5;305;0.234833333333333;-1.29253333333333;1.52736666666667;0.234833333333333;0.0504;8.881784197001252e-16
305;13.5;0;13.5;2014-01-13 17:00:00;1.5;306;0.222366666666667;-0.200483333333333;0.419983333333333;0.222366666666667;0.0504;2.7755575615628914e-16
306;13.5;0;13.5;2014-01-13 18:00:00;1.5;307;0.2318;0.2318;0.0;0.2318;0.0504;0.0
307;13.5;0;13.5;2014-01-13 19:00:00;1.5;308;0.266166666666667;0.266166666666667;0.0;0.266166666666667;0.0504;0.0
308;13.5;0;13.5;2014-01-13 20:00:00;1.5;309;0.30685;0.30685;0.0;0.30685;0.0504;0.0
309;13.5;0;13.5;2014-01-13 21:00:00;1.5;310;0.760516666666667;0.760516666666667;0.0;0.760516666666667;0.0504;0.0
310;13.5;0;13.5;2014-01-13 22:00:00;1.5;311;0.498583333333333;0.498583333333333;0.0;0.498583333333333;0.0504;0.0
311;13.5;0;13.5;2014-01-13 23:00:00;1.5;312;0.2343;0.2343;0.0;0.2343;0.00493;0.0
312;13.5;0;13.5;2014-01-14 00:00:00;1.5;313;0.230316666666667;0.230316666666667;0.0;0.230316666666667;0.00493;0.0
313;13.5;0;13.5;2014-01-14 01:00:00;1.5;314;0.227;0.227;0.0;0.227;0.00493;0.0
314;13.5;0;13.5;2014-01-14 02:00:00;1.5;315;0.218;0.218;0.0;0.218;0.00493;0.0
315;13.5;0;13.5;2014-01-14 03:00:00;1.5;316;0.21615;0.21615;0.0;0.21615;0.00493;0.0
316;13.5;0;13.5;2014-01-14 04:00:00;1.5;317;0.3364;0.3364;0.0;0.3364;0.00493;0.0
317;13.5;0;13.5;2014-01-14 05:00:00;1.5;318;0.5429;0.5429;0.0;0.5429;0.00493;0.0
318;13.5;0;13.5;2014-01-14 06:00:00;1.5;319;1.14116666666667;1.14116666666667;0.0;1.14116666666667;0.00493;0.0
319;13.5;0;13.5;2014-01-14 07:00:00;1.5;320;1.13851666666667;1.12631666666667;0.007;1.13851666666667;0.0504;3.2699537522162814e-16
320;13.5;0;13.5;2014-01-14 08:00:00;1.5;321;0.3664;-0.11915;0.485483333333333;0.3664;0.0504;1.6653345369377348e-16
321;13.5;0;13.5;2014-01-14 09:00:00;1.5;322;0.232;-0.7531;0.985083333333333;0.232;0.0504;-7.771561172376096e-16
322;13.5;0;13.5;2014-01-14 10:00:00;1.5;323;0.237283333333333;-1.30771666666667;1.54515;0.237283333333333;0.0504;4.440892098500626e-16
323;13.5;0;13.5;2014-01-14 11:00:00;1.5;324;0.22715;-1.90693333333333;2.13406666666667;0.22715;0.0504;8.881784197001252e-16
324;13.5;0;13.5;2014-01-14 12:00:00;1.5;325;0.244783333333333;-2.2398;2.48456666666667;0.244783333333333;0.0504;4.440892098500626e-16
325;13.5;0;13.5;2014-01-14 13:00:00;1.5;326;0.263566666666667;-2.3096;2.5731;0.263566666666667;0.0504;0.0
326;13.5;0;13.5;2014-01-14 14:00:00;1.5;327;0.247266666666667;-2.24363333333333;2.49096666666667;0.247266666666667;0.0504;-4.440892098500626e-16
327;13.5;0;13.5;2014-01-14 15:00:00;1.5;328;0.24615;-1.87505;2.1212;0.24615;0.0504;0.0
328;13.5;0;13.5;2014-01-14 16:00:00;1.5;329;0.236316666666667;-1.23431666666667;1.47061666666667;0.236316666666667;0.0504;0.0
329;13.5;0;13.5;2014-01-14 17:00:00;1.5;330;0.211633333333333;-0.2005;0.409966666666667;0.211633333333333;0.0504;-4.996003610813204e-16
330;13.5;0;13.5;2014-01-14 18:00:00;1.5;331;0.227666666666667;0.227666666666667;0.0;0.227666666666667;0.0504;0.0
331;13.5;0;13.5;2014-01-14 19:00:00;1.5;332;0.343633333333333;0.343633333333333;0.0;0.343633333333333;0.0504;0.0
332;13.5;0;13.5;2014-01-14 20:00:00;1.5;333;0.735933333333333;0.735933333333333;0.0;0.735933333333333;0.0504;0.0
333;13.5;0;13.5;2014-01-14 21:00:00;1.5;334;0.6972;0.6972;0.0;0.6972;0.0504;0.0
334;13.5;0;13.5;2014-01-14 22:00:00;1.5;335;0.397033333333333;0.397033333333333;0.0;0.397033333333333;0.0504;0.0
335;13.5;0;13.5;2014-01-14 23:00:00;1.5;336;0.231366666666667;0.231366666666667;0.0;0.231366666666667;0.00493;0.0
336;13.5;0;13.5;2014-01-15 00:00:00;1.5;337;0.230883333333333;0.230883333333333;0.0;0.230883333333333;0.00493;0.0
337;13.5;0;13.5;2014-01-15 01:00:00;1.5;338;0.2245;0.2245;0.0;0.2245;0.00493;0.0
338;13.5;0;13.5;2014-01-15 02:00:00;1.5;339;0.215483333333333;0.215483333333333;0.0;0.215483333333333;0.00493;0.0
339;13.5;0;13.5;2014-01-15 03:00:00;1.5;340;0.217933333333333;0.217933333333333;0.0;0.217933333333333;0.00493;0.0
340;13.5;0;13.5;2014-01-15 04:00:00;1.5;341;0.229866666666667;0.229866666666667;0.0;0.229866666666667;0.00493;0.0
341;13.5;0;13.5;2014-01-15 05:00:00;1.5;342;0.356666666666667;0.356666666666667;0.0;0.356666666666667;0.00493;0.0
342;13.5;0;13.5;2014-01-15 06:00:00;1.5;343;0.7153;0.7153;0.0;0.7153;0.00493;0.0
343;13.5;0;13.5;2014-01-15 07:00:00;1.5;344;0.455716666666667;0.443716666666667;0.00698333333333333;0.455716666666667;0.0504;8.76902717106276e-16
344;13.5;0;13.5;2014-01-15 08:00:00;1.5;345;0.220583333333333;-0.261966666666667;0.482533333333333;0.220583333333333;0.0504;3.885780586188048e-16
345;13.5;0;13.5;2014-01-15 09:00:00;1.5;346;0.210683333333333;-0.787016666666667;0.99765;0.210683333333333;0.0504;-1.1102230246251565e-16
346;13.5;0;13.5;2014-01-15 10:00:00;1.5;347;0.249766666666667;-1.31841666666667;1.56806666666667;0.249766666666667;0.0504;-2.220446049250313e-16
347;13.5;0;13.5;2014-01-15 11:00:00;1.5;348;0.245033333333333;-1.87705;2.122;0.245033333333333;0.0504;0.0
348;13.5;0;13.5;2014-01-15 12:00:00;1.5;349;0.247733333333333;-2.22668333333333;2.47441666666667;0.247733333333333;0.0504;0.0
349;13.5;0;13.5;2014-01-15 13:00:00;1.5;350;0.23175;-2.35785;2.58961666666667;0.23175;0.0504;-1.7763568394002505e-15
350;13.5;0;13.5;2014-01-15 14:00:00;1.5;351;0.241416666666667;-2.2312;2.47258333333333;0.241416666666667;0.0504;8.881784197001252e-16
351;13.5;0;13.5;2014-01-15 15:00:00;1.5;352;0.247766666666667;-1.87731666666667;2.125;0.247766666666667;0.0504;0.0
352;13.5;0;13.5;2014-01-15 16:00:00;1.5;353;0.2342;-1.25078333333333;1.48503333333333;0.2342;0.0504;-2.220446049250313e-16
353;13.5;0;13.5;2014-01-15 17:00:00;1.5;354;0.231016666666667;-0.199316666666667;0.427933333333333;0.231016666666667;0.0504;-7.216449660063518e-16
354;13.5;0;13.5;2014-01-15 18:00:00;1.5;355;0.213566666666667;0.213566666666667;0.0;0.213566666666667;0.0504;0.0
355;13.5;0;13.5;2014-01-15 19:00:00;1.5;356;0.512666666666667;0.512666666666667;0.0;0.512666666666667;0.0504;0.0
356;13.5;0;13.5;2014-01-15 20:00:00;1.5;357;0.302766666666667;0.302766666666667;0.0;0.302766666666667;0.0504;0.0
357;13.5;0;13.5;2014-01-15 21:00:00;1.5;358;0.92665;0.92665;0.0;0.92665;0.0504;0.0
358;13.5;0;13.5;2014-01-15 22:00:00;1.5;359;0.7129;0.7129;0.0;0.7129;0.0504;0.0
359;13.5;0;13.5;2014-01-15 23:00:00;1.5;360;0.351583333333333;0.351583333333333;0.0;0.351583333333333;0.00493;0.0
360;13.5;0;13.5;2014-01-16 00:00:00;1.5;361;0.2229;0.2229;0.0;0.2229;0.00493;0.0
361;13.5;0;13.5;2014-01-16 01:00:00;1.5;362;0.21125;0.21125;0.0;0.21125;0.00493;0.0
362;13.5;0;13.5;2014-01-16 02:00:00;1.5;363;0.23005;0.23005;0.0;0.23005;0.00493;0.0
363;13.5;0;13.5;2014-01-16 03:00:00;1.5;364;0.350683333333333;0.350683333333333;0.0;0.350683333333333;0.00493;0.0
364;13.5;0;13.5;2014-01-16 04:00:00;1.5;365;0.2809;0.2809;0.0;0.2809;0.00493;0.0
365;13.5;0;13.5;2014-01-16 05:00:00;1.5;366;0.492;0.492;0.0;0.492;0.00493;0.0
366;13.5;0;13.5;2014-01-16 06:00:00;1.5;367;0.692683333333333;0.692683333333333;0.0;0.692683333333333;0.00493;0.0
367;13.5;0;13.5;2014-01-16 07:00:00;1.5;368;0.410516666666667;0.398166666666667;0.00758333333333333;0.410516666666667;0.0504;4.98732999343332e-16
368;13.5;0;13.5;2014-01-16 08:00:00;1.5;369;0.232416666666667;-0.235083333333333;0.46745;0.232416666666667;0.0504;4.996003610813204e-16
369;13.5;0;13.5;2014-01-16 09:00:00;1.5;370;0.238083333333333;-0.741066666666667;0.979133333333333;0.238083333333333;0.0504;-4.440892098500626e-16
370;13.5;0;13.5;2014-01-16 10:00:00;1.5;371;0.233016666666667;-1.32385;1.55691666666667;0.233016666666667;0.0504;4.440892098500626e-16
371;13.5;0;13.5;2014-01-16 11:00:00;1.5;372;0.23245;-1.89868333333333;2.13103333333333;0.23245;0.0504;4.440892098500626e-16
372;13.5;0;13.5;2014-01-16 12:00:00;1.5;373;0.246816666666667;-2.21401666666667;2.46085;0.246816666666667;0.0504;-4.440892098500626e-16
373;13.5;0;13.5;2014-01-16 13:00:00;1.5;374;0.269933333333333;-2.28135;2.55133333333333;0.269933333333333;0.0504;1.3322676295501878e-15
374;13.5;0;13.5;2014-01-16 14:00:00;1.5;375;0.246966666666667;-2.16016666666667;2.40716666666667;0.246966666666667;0.0504;-4.440892098500626e-16
375;13.5;0;13.5;2014-01-16 15:00:00;1.5;376;0.2372;-1.79686666666667;2.03406666666667;0.2372;0.0504;4.440892098500626e-16
376;13.5;0;13.5;2014-01-16 16:00:00;1.5;377;0.218433333333333;-1.19438333333333;1.41275;0.218433333333333;0.0504;8.881784197001252e-16
377;13.5;0;13.5;2014-01-16 17:00:00;1.5;378;0.220966666666667;-0.178616666666667;0.3974;0.220966666666667;0.0504;6.661338147750939e-16
378;13.5;0;13.5;2014-01-16 18:00:00;1.5;379;0.249;0.249;0.0;0.249;0.0504;0.0
379;13.5;0;13.5;2014-01-16 19:00:00;1.5;380;0.387883333333333;0.387883333333333;0.0;0.387883333333333;0.0504;0.0
380;13.5;0;13.5;2014-01-16 20:00:00;1.5;381;0.2974;0.2974;0.0;0.2974;0.0504;0.0
381;13.5;0;13.5;2014-01-16 21:00:00;1.5;382;0.79135;0.79135;0.0;0.79135;0.0504;0.0
382;13.5;0;13.5;2014-01-16 22:00:00;1.5;383;0.562266666666667;0.562266666666667;0.0;0.562266666666667;0.0504;0.0
383;13.5;0;13.5;2014-01-16 23:00:00;1.5;384;0.422983333333333;0.422983333333333;0.0;0.422983333333333;0.00493;0.0
384;13.5;0;13.5;2014-01-17 00:00:00;1.5;385;0.21505;0.21505;0.0;0.21505;0.00493;0.0
385;13.5;0;13.5;2014-01-17 01:00:00;1.5;386;0.2304;0.2304;0.0;0.2304;0.00493;0.0
386;13.5;0;13.5;2014-01-17 02:00:00;1.5;387;0.233966666666667;0.233966666666667;0.0;0.233966666666667;0.00493;0.0
387;13.5;0;13.5;2014-01-17 03:00:00;1.5;388;0.235583333333333;0.235583333333333;0.0;0.235583333333333;0.00493;0.0
388;13.5;0;13.5;2014-01-17 04:00:00;1.5;389;0.220366666666667;0.220366666666667;0.0;0.220366666666667;0.00493;0.0
389;13.5;0;13.5;2014-01-17 05:00:00;1.5;390;0.425416666666667;0.425416666666667;0.0;0.425416666666667;0.00493;0.0
390;13.5;0;13.5;2014-01-17 06:00:00;1.5;391;0.556116666666667;0.556116666666667;0.0;0.556116666666667;0.00493;0.0
391;13.5;0;13.5;2014-01-17 07:00:00;1.5;392;0.71845;0.698883333333333;0.0146833333333333;0.71845;0.0504;-7.476658181460039e-16
392;13.5;0;13.5;2014-01-17 08:00:00;1.5;393;0.414133333333333;0.00701666666666667;0.407166666666667;0.414133333333333;0.0504;1.1102230246251565e-16
393;13.5;0;13.5;2014-01-17 09:00:00;1.5;394;0.3336;-0.59795;0.931483333333333;0.3336;0.0504;4.440892098500626e-16
394;13.5;0;13.5;2014-01-17 10:00:00;1.5;395;0.239;-1.27586666666667;1.51491666666667;0.239;0.0504;2.220446049250313e-16
395;13.5;0;13.5;2014-01-17 11:00:00;1.5;396;0.2313;-1.8163;2.04763333333333;0.2313;0.0504;0.0
396;13.5;0;13.5;2014-01-17 12:00:00;1.5;397;0.253316666666667;-2.1099;2.3631;0.253316666666667;0.0504;8.881784197001252e-16
397;13.5;0;13.5;2014-01-17 13:00:00;1.5;398;0.253366666666667;-2.24163333333333;2.49501666666667;0.253366666666667;0.0504;0.0
398;13.5;0;13.5;2014-01-17 14:00:00;1.5;399;0.246316666666667;-2.13998333333333;2.38623333333333;0.246316666666667;0.0504;4.440892098500626e-16
399;13.5;0;13.5;2014-01-17 15:00:00;1.5;400;0.25975;-1.7511;2.01091666666667;0.25975;0.0504;-4.440892098500626e-16
400;13.5;0;13.5;2014-01-17 16:00:00;1.5;401;0.46815;-0.864733333333333;1.33296666666667;0.46815;0.0504;6.661338147750939e-16
401;13.5;0;13.5;2014-01-17 17:00:00;1.5;402;0.603183333333333;0.304416666666667;0.296233333333333;0.603183333333333;0.0504;-3.3306690738754696e-16
402;13.5;0;13.5;2014-01-17 18:00:00;1.5;403;0.467616666666667;0.467616666666667;0.0;0.467616666666667;0.0504;0.0
403;13.5;0;13.5;2014-01-17 19:00:00;1.5;404;0.54905;0.54905;0.0;0.54905;0.0504;0.0
404;13.5;0;13.5;2014-01-17 20:00:00;1.5;405;0.844983333333333;0.844983333333333;0.0;0.844983333333333;0.0504;0.0
405;13.5;0;13.5;2014-01-17 21:00:00;1.5;406;0.709933333333333;0.709933333333333;0.0;0.709933333333333;0.0504;0.0
406;13.5;0;13.5;2014-01-17 22:00:00;1.5;407;0.801483333333333;0.801483333333333;0.0;0.801483333333333;0.0504;0.0
407;13.5;0;13.5;2014-01-17 23:00:00;1.5;408;0.651466666666667;0.651466666666667;0.0;0.651466666666667;0.00493;0.0
408;13.5;0;13.5;2014-01-18 00:00:00;1.5;409;0.48045;0.48045;0.0;0.48045;0.00493;0.0
409;13.5;0;13.5;2014-01-18 01:00:00;1.5;410;0.227166666666667;0.227166666666667;0.0;0.227166666666667;0.00493;0.0
410;13.5;0;13.5;2014-01-18 02:00:00;1.5;411;0.23265;0.23265;0.0;0.23265;0.00493;0.0
411;13.5;0;13.5;2014-01-18 03:00:00;1.5;412;0.350066666666667;0.350066666666667;0.0;0.350066666666667;0.00493;0.0
412;13.5;0;13.5;2014-01-18 04:00:00;1.5;413;0.226916666666667;0.226916666666667;0.0;0.226916666666667;0.00493;0.0
413;13.5;0;13.5;2014-01-18 05:00:00;1.5;414;0.323216666666667;0.323216666666667;0.0;0.323216666666667;0.00493;0.0
414;13.5;0;13.5;2014-01-18 06:00:00;1.5;415;0.61005;0.61005;0.0;0.61005;0.00493;0.0
415;13.5;0;13.5;2014-01-18 07:00:00;1.5;416;0.521366666666667;0.504366666666667;0.0119833333333333;0.521366666666667;0.0504;6.591949208711867e-17
416;13.5;0;13.5;2014-01-18 08:00:00;1.5;417;0.443066666666667;-0.00468333333333333;0.44775;0.443066666666667;0.0504;7.771561172376096e-16
417;13.5;0;13.5;2014-01-18 09:00:00;1.5;418;0.434183333333333;-0.505566666666667;0.9398;0.434183333333333;0.0504;0.0
418;13.5;0;13.5;2014-01-18 10:00:00;1.5;419;0.235833333333333;-1.26255;1.49826666666667;0.235833333333333;0.0504;4.440892098500626e-16
419;13.5;0;13.5;2014-01-18 11:00:00;1.5;420;0.2361;-1.81813333333333;2.05423333333333;0.2361;0.0504;8.881784197001252e-16
420;13.5;0;13.5;2014-01-18 12:00:00;1.5;421;0.249083333333333;-2.1693;2.41841666666667;0.249083333333333;0.0504;8.881784197001252e-16
421;13.5;0;13.5;2014-01-18 13:00:00;1.5;422;0.2633;-2.28556666666667;2.54895;0.2633;0.0504;-1.3322676295501878e-15
422;13.5;0;13.5;2014-01-18 14:00:00;1.5;423;0.241483333333333;-2.18585;2.4273;0.241483333333333;0.0504;8.881784197001252e-16
423;13.5;0;13.5;2014-01-18 15:00:00;1.5;424;0.225183333333333;-1.82488333333333;2.04998333333333;0.225183333333333;0.0504;0.0
424;13.5;0;13.5;2014-01-18 16:00:00;1.5;425;0.244966666666667;-1.12601666666667;1.37096666666667;0.244966666666667;0.0504;4.440892098500626e-16
425;13.5;0;13.5;2014-01-18 17:00:00;1.5;426;0.22945;-0.142466666666667;0.37015;0.22945;0.0504;-6.661338147750939e-16
426;13.5;0;13.5;2014-01-18 18:00:00;1.5;427;0.654333333333333;0.654333333333333;0.0;0.654333333333333;0.0504;0.0
427;13.5;0;13.5;2014-01-18 19:00:00;1.5;428;0.7631;0.7631;0.0;0.7631;0.0504;0.0
428;13.5;0;13.5;2014-01-18 20:00:00;1.5;429;0.737533333333333;0.737533333333333;0.0;0.737533333333333;0.0504;0.0
429;13.5;0;13.5;2014-01-18 21:00:00;1.5;430;0.80435;0.80435;0.0;0.80435;0.0504;0.0
430;13.5;0;13.5;2014-01-18 22:00:00;1.5;431;0.799816666666667;0.799816666666667;0.0;0.799816666666667;0.0504;0.0
431;13.5;0;13.5;2014-01-18 23:00:00;1.5;432;0.4401;0.4401;0.0;0.4401;0.00493;0.0
432;13.5;0;13.5;2014-01-19 00:00:00;1.5;433;0.228333333333333;0.228333333333333;0.0;0.228333333333333;0.00493;0.0
433;13.5;0;13.5;2014-01-19 01:00:00;1.5;434;0.236716666666667;0.236716666666667;0.0;0.236716666666667;0.00493;0.0
434;13.5;0;13.5;2014-01-19 02:00:00;1.5;435;0.227583333333333;0.227583333333333;0.0;0.227583333333333;0.00493;0.0
435;13.5;0;13.5;2014-01-19 03:00:00;1.5;436;0.236566666666667;0.236566666666667;0.0;0.236566666666667;0.00493;0.0
436;13.5;0;13.5;2014-01-19 04:00:00;1.5;437;0.254516666666667;0.254516666666667;0.0;0.254516666666667;0.00493;0.0
437;13.5;0;13.5;2014-01-19 05:00:00;1.5;438;0.367966666666667;0.367966666666667;0.0;0.367966666666667;0.00493;0.0
438;13.5;0;13.5;2014-01-19 06:00:00;1.5;439;0.611416666666667;0.611416666666667;0.0;0.611416666666667;0.00493;0.0
439;13.5;0;13.5;2014-01-19 07:00:00;1.5;440;0.24475;0.225266666666667;0.0151833333333333;0.24475;0.0504;4.180683577104105e-16
440;13.5;0;13.5;2014-01-19 08:00:00;1.5;441;0.24575;-0.209366666666667;0.455083333333333;0.24575;0.0504;3.885780586188048e-16
441;13.5;0;13.5;2014-01-19 09:00:00;1.5;442;0.241733333333333;-0.71715;0.9588;0.241733333333333;0.0504;-1.1102230246251565e-16
442;13.5;0;13.5;2014-01-19 10:00:00;1.5;443;0.257916666666667;-1.25723333333333;1.51516666666667;0.257916666666667;0.0504;8.881784197001252e-16
443;13.5;0;13.5;2014-01-19 11:00:00;1.5;444;0.811683333333333;-1.24068333333333;2.0524;0.811683333333333;0.0504;-4.440892098500626e-16
444;13.5;0;13.5;2014-01-19 12:00:00;1.5;445;0.45595;-1.93376666666667;2.38978333333333;0.45595;0.0504;-4.440892098500626e-16
445;13.5;0;13.5;2014-01-19 13:00:00;1.5;446;0.3962;-2.10731666666667;2.50346666666667;0.3962;0.0504;1.7763568394002505e-15
446;13.5;0;13.5;2014-01-19 14:00:00;1.5;447;0.392066666666667;-1.99676666666667;2.38878333333333;0.392066666666667;0.0504;8.881784197001252e-16
447;13.5;0;13.5;2014-01-19 15:00:00;1.5;448;0.4042;-1.65883333333333;2.06306666666667;0.4042;0.0504;4.440892098500626e-16
448;13.5;0;13.5;2014-01-19 16:00:00;1.5;449;0.47295;-0.936166666666667;1.40918333333333;0.47295;0.0504;4.440892098500626e-16
449;13.5;0;13.5;2014-01-19 17:00:00;1.5;450;0.677966666666667;0.3141;0.36095;0.677966666666667;0.0504;-7.771561172376096e-16
450;13.5;0;13.5;2014-01-19 18:00:00;1.5;451;0.582866666666667;0.582866666666667;0.0;0.582866666666667;0.0504;0.0
451;13.5;0;13.5;2014-01-19 19:00:00;1.5;452;0.4972;0.4972;0.0;0.4972;0.0504;0.0
452;13.5;0;13.5;2014-01-19 20:00:00;1.5;453;0.675833333333333;0.675833333333333;0.0;0.675833333333333;0.0504;0.0
453;13.5;0;13.5;2014-01-19 21:00:00;1.5;454;0.643416666666667;0.643416666666667;0.0;0.643416666666667;0.0504;0.0
454;13.5;0;13.5;2014-01-19 22:00:00;1.5;455;0.5152;0.5152;0.0;0.5152;0.0504;0.0
455;13.5;0;13.5;2014-01-19 23:00:00;1.5;456;0.26375;0.26375;0.0;0.26375;0.00493;0.0
456;13.5;0;13.5;2014-01-20 00:00:00;1.5;457;0.268516666666667;0.268516666666667;0.0;0.268516666666667;0.00493;0.0
457;13.5;0;13.5;2014-01-20 01:00:00;1.5;458;0.370066666666667;0.370066666666667;0.0;0.370066666666667;0.00493;0.0
458;13.5;0;13.5;2014-01-20 02:00:00;1.5;459;0.2348;0.2348;0.0;0.2348;0.00493;0.0
459;13.5;0;13.5;2014-01-20 03:00:00;1.5;460;0.216716666666667;0.216716666666667;0.0;0.216716666666667;0.00493;0.0
460;13.5;0;13.5;2014-01-20 04:00:00;1.5;461;0.2275;0.2275;0.0;0.2275;0.00493;0.0
461;13.5;0;13.5;2014-01-20 05:00:00;1.5;462;0.519383333333333;0.519383333333333;0.0;0.519383333333333;0.00493;0.0
462;13.5;0;13.5;2014-01-20 06:00:00;1.5;463;0.3968;0.3968;0.0;0.3968;0.00493;0.0
463;13.5;0;13.5;2014-01-20 07:00:00;1.5;464;0.402066666666667;0.378766666666667;0.0192;0.402066666666667;0.0504;3.365363543395006e-16
464;13.5;0;13.5;2014-01-20 08:00:00;1.5;465;0.21055;-0.194833333333333;0.405266666666667;0.21055;0.0504;-7.771561172376096e-16
465;13.5;0;13.5;2014-01-20 09:00:00;1.5;466;0.213133333333333;-0.721383333333333;0.934533333333333;0.213133333333333;0.0504;4.440892098500626e-16
466;13.5;0;13.5;2014-01-20 10:00:00;1.5;467;0.201883333333333;-1.28636666666667;1.48821666666667;0.201883333333333;0.0504;2.220446049250313e-16
467;13.5;0;13.5;2014-01-20 11:00:00;1.5;468;0.222633333333333;-1.82205;2.04466666666667;0.222633333333333;0.0504;4.440892098500626e-16
468;13.5;0;13.5;2014-01-20 12:00:00;1.5;469;0.226733333333333;-2.16706666666667;2.39373333333333;0.226733333333333;0.0504;0.0
469;13.5;0;13.5;2014-01-20 13:00:00;1.5;470;0.2356;-2.27233333333333;2.50791666666667;0.2356;0.0504;0.0
470;13.5;0;13.5;2014-01-20 14:00:00;1.5;471;0.23205;-2.12456666666667;2.3567;0.23205;0.0504;0.0
471;13.5;0;13.5;2014-01-20 15:00:00;1.5;472;0.208166666666667;-1.77916666666667;1.9873;0.208166666666667;0.0504;6.661338147750939e-16
472;13.5;0;13.5;2014-01-20 16:00:00;1.5;473;0.214683333333333;-1.20511666666667;1.41975;0.214683333333333;0.0504;-4.440892098500626e-16
473;13.5;0;13.5;2014-01-20 17:00:00;1.5;474;0.206183333333333;-0.249033333333333;0.454333333333333;0.206183333333333;0.0504;3.885780586188048e-16
474;13.5;0;13.5;2014-01-20 18:00:00;1.5;475;0.213;0.213;0.0;0.213;0.0504;0.0
475;13.5;0;13.5;2014-01-20 19:00:00;1.5;476;0.314833333333333;0.314833333333333;0.0;0.314833333333333;0.0504;0.0
476;13.5;0;13.5;2014-01-20 20:00:00;1.5;477;0.705483333333333;0.705483333333333;0.0;0.705483333333333;0.0504;0.0
477;13.5;0;13.5;2014-01-20 21:00:00;1.5;478;0.790933333333333;0.790933333333333;0.0;0.790933333333333;0.0504;0.0
478;13.5;0;13.5;2014-01-20 22:00:00;1.5;479;0.750116666666667;0.750116666666667;0.0;0.750116666666667;0.0504;0.0
479;13.5;0;13.5;2014-01-20 23:00:00;1.5;480;0.319116666666667;0.319116666666667;0.0;0.319116666666667;0.00493;0.0
