;battCharge;batteryCapacity;dateTime;id;lb;loadCons;loadGrid;loadProd;newGrid;prices;prodUsage;ub
0;0.0032241404655990427;13.5;2014-01-01 00:00:00;1;0.0;0.211483333333333;0.211483333333333;0.0;0.211483333333333;0.00493;0.0;0.01
1;4.305266251730701;13.5;2014-01-01 01:00:00;2;0.0;0.278033333333333;0.278033333333333;0.0;4.580075444598435;0.00493;0.0;13.5
2;7.518651650395439;13.5;2014-01-01 02:00:00;3;0.0;0.34985;0.34985;0.0;3.5632353986647383;0.00493;0.0;13.5
3;8.865208565540172;13.5;2014-01-01 03:00:00;4;0.0;0.348516666666667;0.348516666666667;0.0;1.6950735818114;0.00493;0.0;13.5
4;7.636001747745975;13.5;2014-01-01 04:00:00;5;0.0;0.350966666666667;0.350966666666667;0.0;0.0;0.00493;0.0;13.5
5;5.673465259289838;13.5;2014-01-01 05:00:00;6;0.0;0.32765;0.32765;0.0;0.0;0.00493;0.0;13.5
6;3.8746398080912066;13.5;2014-01-01 06:00:00;7;0.0;0.633266666666667;0.633266666666667;0.0;0.0;0.00493;0.0;13.5
7;7.1805670701103805;13.5;2014-01-01 07:00:00;8;0.0;0.62965;0.620266666666667;0.00321666666666667;3.932360595352507;0.0504;0.00321666666666667;13.5
8;5.970846816794276;13.5;2014-01-01 08:00:00;9;0.0;0.356183333333333;-0.1084;0.464566666666667;0.0;0.0504;0.0;13.5
9;4.4902495633239825;13.5;2014-01-01 09:00:00;10;0.0;0.259683333333333;-0.691183333333333;0.950916666666667;0.0;0.0504;0.0;13.5
10;5.7957015079840115;13.5;2014-01-01 10:00:00;11;0.0;0.500016666666667;-1.01063333333333;1.51061666666667;0.29485194466002596;0.0504;1.51061666666667;13.5
11;6.04044716782321;13.5;2014-01-01 11:00:00;12;0.0;0.49705;-0.826933333333333;1.32391666666667;0.0;0.0504;0.7417956598391984;13.5
12;1.903477687992491;13.5;2014-01-01 12:00:00;13;0.0;0.3587;-0.759116666666667;1.11786666666667;0.0;0.0504;0.0;13.5
13;3.7537321828378327;13.5;2014-01-01 13:00:00;14;0.0;0.699866666666667;-0.938533333333333;1.63833333333333;0.9117878281786784;0.0504;1.63833333333333;13.5
14;6.0831618746518945;13.5;2014-01-01 14:00:00;15;0.0;0.34955;-1.26461666666667;1.61425;1.064729691814062;0.0504;1.61425;13.5
15;5.6430471827088144;13.5;2014-01-01 15:00:00;16;0.0;0.428783333333333;-0.159283333333333;0.587966666666667;0.0;0.0504;0.0;13.5
16;6.649845121464252;13.5;2014-01-01 16:00:00;17;0.0;0.465083333333333;0.0907;0.37435;1.0975312720887707;0.0504;0.37435;13.5
17;7.1833660508410855;13.5;2014-01-01 17:00:00;18;0.0;0.698766666666667;0.5473;0.14335;1.0889375960435004;0.0504;0.14335;13.5
18;6.860899710152989;13.5;2014-01-01 18:00:00;19;0.0;0.58865;0.58865;0.0;0.26618365931190324;0.0504;0.0;13.5
19;6.2957454080865;13.5;2014-01-01 19:00:00;20;0.0;0.447116666666667;0.447116666666667;0.0;0.0;0.0504;0.0;13.5
20;6.1768753510038685;13.5;2014-01-01 20:00:00;21;0.0;0.57445;0.57445;0.0;0.4555799429173687;0.0504;0.0;13.5
21;6.097132930626298;13.5;2014-01-01 21:00:00;22;0.0;0.471966666666667;0.471966666666667;0.0;0.39222424628909647;0.0504;0.0;13.5
22;5.688885728915948;13.5;2014-01-01 22:00:00;23;0.0;0.44405;0.44405;0.0;0.035802798289649995;0.0504;0.0;13.5
23;4.561067522787716;13.5;2014-01-01 23:00:00;24;0.0;0.536633333333333;0.536633333333333;0.0;0.0;0.00493;0.0;13.5
24;3.3640672370294995;13.5;2014-01-02 00:00:00;25;0.0;0.251233333333333;0.251233333333333;0.0;0.251233333333333;0.00493;0.0;4.561067522787716
25;4.452675719604795;13.5;2014-01-02 01:00:00;26;0.0;0.23475;0.23475;0.0;1.323358482575295;0.00493;0.0;13.5
26;5.972928263987966;13.5;2014-01-02 02:00:00;27;0.0;0.233016666666667;0.233016666666667;0.0;1.7532692110498387;0.00493;0.0;13.5
27;10.698723243269798;13.5;2014-01-02 03:00:00;28;0.0;0.244233333333333;0.244233333333333;0.0;4.970028312615165;0.00493;0.0;13.5
28;7.324662540108685;13.5;2014-01-02 04:00:00;29;0.0;0.253616666666667;0.253616666666667;0.0;0.0;0.00493;0.0;13.5
29;8.717029350734357;13.5;2014-01-02 05:00:00;30;0.0;0.388033333333333;0.388033333333333;0.0;1.7804001439590054;0.00493;0.0;13.5
30;8.230264160592597;13.5;2014-01-02 06:00:00;31;0.0;0.728216666666667;0.728216666666667;0.0;0.24145147652490673;0.00493;0.0;13.5
31;7.707426490299459;13.5;2014-01-02 07:00:00;32;0.0;0.335883333333333;0.321483333333333;0.00971666666666667;0.0;0.0504;0.0;13.5
32;8.105112105429177;13.5;2014-01-02 08:00:00;33;0.0;0.2404;-0.1145;0.355066666666667;0.28301894846305087;0.0504;0.355066666666667;13.5
33;6.588660165346709;13.5;2014-01-02 09:00:00;34;0.0;0.237933333333333;-0.74475;0.982733333333333;0.0;0.0504;0.0;13.5
34;8.018595363826389;13.5;2014-01-02 10:00:00;35;0.0;0.211433333333333;-1.43013333333333;1.64151666666667;0.0;0.0504;1.6413685318130131;13.5
35;4.106036875873723;13.5;2014-01-02 11:00:00;36;0.0;0.2419;-1.9408;2.18268333333333;0.0;0.0504;0.0;13.5
36;5.893232514215831;13.5;2014-01-02 12:00:00;37;0.0;0.2616;-2.23783333333333;2.49951666666667;0.0;0.0504;2.0487956383421078;13.5
37;2.71763181226983;13.5;2014-01-02 13:00:00;38;0.0;0.243366666666667;-2.22648333333333;2.46993333333333;0.0;0.0504;0.0;13.5
38;0.0;13.5;2014-01-02 14:00:00;39;0.0;0.212166666666667;-1.89848333333333;2.11066666666667;0.0;0.0504;0.0;13.5
39;3.2461176432397165;13.5;2014-01-02 15:00:00;40;0.0;0.2333;-1.52275;1.7559;1.7235176432397163;0.0504;1.7559;13.5
40;6.558816360885673;13.5;2014-01-02 16:00:00;41;0.0;0.255466666666667;-0.967166666666667;1.22256666666667;2.345598717645953;0.0504;1.22256666666667;13.5
41;8.987859154589186;13.5;2014-01-02 17:00:00;42;0.0;0.218333333333333;-0.0515666666666667;0.266516666666667;2.3808594603701794;0.0504;0.266516666666667;13.5
42;11.356943509194124;13.5;2014-01-02 18:00:00;43;0.0;0.198666666666667;0.198666666666667;0.0;2.5677510212716053;0.0504;0.0;13.5
43;4.977852062363432;13.5;2014-01-02 19:00:00;44;0.0;0.523983333333333;0.523983333333333;0.0;0.0;0.0504;0.0;13.5
44;4.903569082577882;13.5;2014-01-02 20:00:00;45;0.0;1.02446666666667;1.02446666666667;0.0;0.9501836868811202;0.0504;0.0;13.5
45;5.207577896276902;13.5;2014-01-02 21:00:00;46;0.0;0.639416666666667;0.639416666666667;0.0;0.9434254803656867;0.0504;0.0;13.5
46;4.618560979220188;13.5;2014-01-02 22:00:00;47;0.0;0.819133333333333;0.819133333333333;0.0;0.23011641627661894;0.0504;0.0;13.5
47;4.259576002513183;13.5;2014-01-02 23:00:00;48;0.0;0.255683333333333;0.255683333333333;0.0;0.0;0.00493;0.0;13.5
48;3.476765475321743;13.5;2014-01-03 00:00:00;49;0.0;0.2125;0.2125;0.0;0.2125;0.00493;0.0;4.259576002513183
49;6.473232214348196;13.5;2014-01-03 01:00:00;50;0.0;0.330666666666667;0.330666666666667;0.0;3.3271334056931203;0.00493;0.0;13.5
50;7.917909473450638;13.5;2014-01-03 02:00:00;51;0.0;0.346283333333333;0.346283333333333;0.0;1.7909605924357743;0.00493;0.0;13.5
51;6.526220162396821;13.5;2014-01-03 03:00:00;52;0.0;0.360333333333333;0.360333333333333;0.0;0.0;0.00493;0.0;13.5
52;6.670275418926344;13.5;2014-01-03 04:00:00;53;0.0;0.3478;0.3478;0.0;0.4918552565295228;0.00493;0.0;13.5
53;6.478039650804678;13.5;2014-01-03 05:00:00;54;0.0;0.348916666666667;0.348916666666667;0.0;0.156680898545001;0.00493;0.0;13.5
54;5.908312691977634;13.5;2014-01-03 06:00:00;55;0.0;0.728716666666667;0.728716666666667;0.0;0.1589897078396233;0.00493;0.0;13.5
55;8.55162545389688;13.5;2014-01-03 07:00:00;56;0.0;0.52525;0.514733333333333;0.00521666666666667;3.16334609525258;0.0504;0.00521666666666667;13.5
56;11.772355178636085;13.5;2014-01-03 08:00:00;57;0.0;0.239983333333333;-0.28615;0.526083333333333;2.934629724739204;0.0504;0.526083333333333;13.5
57;4.712392552284456;13.5;2014-01-03 09:00:00;58;0.0;0.247733333333333;-0.7915;1.0393;0.0;0.0504;0.0;13.5
58;3.9185391009261736;13.5;2014-01-03 10:00:00;59;0.0;0.232;-1.3914;1.62351666666667;0.0;0.0504;0.0;13.5
59;4.882274546474411;13.5;2014-01-03 11:00:00;60;0.0;0.2178;-1.97068333333333;2.18841666666667;0.0;0.0504;1.1815354455482376;13.5
60;12.171171426358855;13.5;2014-01-03 12:00:00;61;0.0;0.373116666666667;-2.16116666666667;2.53428333333333;5.127730213217781;0.0504;2.53428333333333;13.5
61;7.988589135076585;13.5;2014-01-03 13:00:00;62;0.0;0.297633333333333;-2.37076666666667;2.66836666666667;0.0;0.0504;0.0;13.5
62;5.430288437573741;13.5;2014-01-03 14:00:00;63;0.0;0.246566666666667;-2.29008333333333;2.53665;0.0;0.0504;0.0;13.5
63;7.040068821067972;13.5;2014-01-03 15:00:00;64;0.0;0.227033333333333;-1.91521666666667;2.14213333333333;0.0;0.0504;1.8368137168275638;13.5
64;6.872186320071653;13.5;2014-01-03 16:00:00;65;0.0;0.227183333333333;-1.2015;1.42875;0.0;0.0504;0.05930083233701425;13.5
65;6.255422791035624;13.5;2014-01-03 17:00:00;66;0.0;0.228483333333333;-0.0675666666666667;0.289783333333333;0.0;0.0504;0.0;13.5
66;5.678100289884221;13.5;2014-01-03 18:00:00;67;0.0;0.227716666666667;0.227716666666667;0.0;0.0;0.0504;0.0;13.5
67;4.628508469222925;13.5;2014-01-03 19:00:00;68;0.0;0.60075;0.60075;0.0;0.0;0.0504;0.0;13.5
68;8.74078643955864;13.5;2014-01-03 20:00:00;69;0.0;0.952183333333333;0.952183333333333;0.0;5.064461303669049;0.0504;0.0;13.5
69;3.4931179584003345;13.5;2014-01-03 21:00:00;70;0.0;0.792333333333333;0.792333333333333;0.0;0.0;0.0504;0.0;13.5
70;3.9662449195815763;13.5;2014-01-03 22:00:00;71;0.0;0.725583333333333;0.725583333333333;0.0;1.198710294514575;0.0504;0.0;13.5
71;4.5458574100680424;13.5;2014-01-03 23:00:00;72;0.0;0.623966666666667;0.623966666666667;0.0;1.2035791571531331;0.00493;0.0;13.5
72;3.9276622347319634;13.5;2014-01-04 00:00:00;73;0.0;0.3525;0.3525;0.0;0.3525;0.00493;0.0;4.5458574100680424
73;7.1132385821273045;13.5;2014-01-04 01:00:00;74;0.0;0.311216666666667;0.311216666666667;0.0;3.4967930140620083;0.00493;0.0;13.5
74;7.774304360294169;13.5;2014-01-04 02:00:00;75;0.0;0.331416666666667;0.331416666666667;0.0;0.9924824448335311;0.00493;0.0;13.5
75;2.1513901356983247;13.5;2014-01-04 03:00:00;76;0.0;0.248083333333333;0.248083333333333;0.0;0.0;0.00493;0.0;13.5
76;2.0976875281045646;13.5;2014-01-04 04:00:00;77;0.0;0.350716666666667;0.350716666666667;0.0;0.2970140590729069;0.00493;0.0;13.5
77;6.522775342739857;13.5;2014-01-04 05:00:00;78;0.0;0.338016666666667;0.338016666666667;0.0;4.763104481301959;0.00493;0.0;13.5
78;6.306643935408176;13.5;2014-01-04 06:00:00;79;0.0;0.812216666666667;0.812216666666667;0.0;0.5960852593349859;0.00493;0.0;13.5
79;0.11841667101420776;13.5;2014-01-04 07:00:00;80;0.0;0.540666666666667;0.5272;0.00815;0.0;0.0504;0.0;13.5
80;1.7019109452410826;13.5;2014-01-04 08:00:00;81;0.0;0.384466666666667;-0.0598666666666667;0.444416666666667;1.5235442742268748;0.0504;0.444416666666667;13.5
81;3.90773989566858;13.5;2014-01-04 09:00:00;82;0.0;0.31805;-0.6354;0.953483333333333;1.5703956170941644;0.0504;0.953483333333333;13.5
82;6.635509964153896;13.5;2014-01-04 10:00:00;83;0.0;0.439166666666667;-0.9301;1.36935;1.797586735151983;0.0504;1.36935;13.5
83;7.188193644260779;13.5;2014-01-04 11:00:00;84;0.0;0.242683333333333;-1.31323333333333;1.55598333333333;0.0;0.0504;0.7953670134402159;13.5
84;8.27203231451528;13.5;2014-01-04 12:00:00;85;0.0;0.25235;-2.14621666666667;2.39845;0.0;0.0504;1.3361886702545018;13.5
85;6.216931965100428;13.5;2014-01-04 13:00:00;86;0.0;0.290883333333333;-2.15713333333333;2.44801666666667;0.0;0.0504;0.0;13.5
86;7.254394324801704;13.5;2014-01-04 14:00:00;87;0.0;0.413916666666667;-1.93981666666667;2.35363333333333;0.0;0.0504;1.4513790263679434;13.5
87;8.739011159370754;13.5;2014-01-04 15:00:00;88;0.0;0.306833333333333;-1.15781666666667;1.46461666666667;0.3268335012357133;0.0504;1.46461666666667;13.5
88;9.13506280793158;13.5;2014-01-04 16:00:00;89;0.0;0.620933333333333;-0.644866666666667;1.26585;0.0;0.0504;1.0169849818941592;13.5
89;7.453238547751889;13.5;2014-01-04 17:00:00;90;0.0;0.587283333333333;0.454766666666667;0.122966666666667;0.0;0.0504;0.0;13.5
90;6.821819742784628;13.5;2014-01-04 18:00:00;91;0.0;0.943916666666667;0.943916666666667;0.0;0.3124978616994061;0.0504;0.0;13.5
91;7.2582163946988025;13.5;2014-01-04 19:00:00;92;0.0;0.916933333333333;0.916933333333333;0.0;1.3533299852475076;0.0504;0.0;13.5
92;8.428548461531408;13.5;2014-01-04 20:00:00;93;0.0;0.722116666666667;0.722116666666667;0.0;1.8924487334992723;0.0504;0.0;13.5
93;9.554712123243315;13.5;2014-01-04 21:00:00;94;0.0;0.759633333333333;0.759633333333333;0.0;1.8857969950452396;0.0504;0.0;13.5
94;10.661176108969613;13.5;2014-01-04 22:00:00;95;0.0;0.75075;0.75075;0.0;1.8572139857262986;0.0504;0.0;13.5
95;11.995500271182896;13.5;2014-01-04 23:00:00;96;0.0;0.3723;0.3723;0.0;1.7066241622132834;0.00493;0.0;13.5
96;11.412661509372422;13.5;2014-01-05 00:00:00;97;0.0;0.232533333333333;0.232533333333333;0.0;0.232533333333333;0.00493;0.0;11.995500271182896
97;4.291975367020425;13.5;2014-01-05 01:00:00;98;0.0;0.23885;0.23885;0.0;0.0;0.00493;0.0;13.5
98;4.131737761543735;13.5;2014-01-05 02:00:00;99;0.0;0.237766666666667;0.237766666666667;0.0;0.07752906118997735;0.00493;0.0;13.5
99;3.9748135260890427;13.5;2014-01-05 03:00:00;100;0.0;0.236433333333333;0.236433333333333;0.0;0.07950909787864074;0.00493;0.0;13.5
100;7.529222518240283;13.5;2014-01-05 04:00:00;101;0.0;0.426866666666667;0.426866666666667;0.0;3.981275658817908;0.00493;0.0;13.5
101;8.200577333521208;13.5;2014-01-05 05:00:00;102;0.0;0.63335;0.63335;0.0;1.3047048152809246;0.00493;0.0;13.5
102;7.94970103381379;13.5;2014-01-05 06:00:00;103;0.0;0.270666666666667;0.270666666666667;0.0;0.019790366959249128;0.00493;0.0;13.5
103;6.546974516528402;13.5;2014-01-05 07:00:00;104;0.0;0.400383333333333;0.37325;0.0228166666666667;0.0;0.0504;0.0;13.5
104;6.492115810393238;13.5;2014-01-05 08:00:00;105;0.0;0.22765;-0.0892833333333333;0.31695;0.0;0.0504;0.17279129386483602;13.5
105;5.916813549240135;13.5;2014-01-05 09:00:00;106;0.0;0.221383333333333;-0.343633333333333;0.565016666666667;0.0;0.0504;0.0;13.5
106;7.155968162165034;13.5;2014-01-05 10:00:00;107;0.0;0.233916666666667;-1.3714;1.60531666666667;0.0;0.0504;1.4730712795915664;13.5
107;2.393074529168316;13.5;2014-01-05 11:00:00;108;0.0;0.705033333333333;-1.37503333333333;2.07995;0.0;0.0504;0.0;13.5
108;5.042524167277032;13.5;2014-01-05 12:00:00;109;0.0;0.294666666666667;-2.25748333333333;2.55206666666667;0.39204963810871263;0.0504;2.55206666666667;13.5
109;3.8795005219520733;13.5;2014-01-05 13:00:00;110;0.0;0.551866666666667;-2.14735;2.69916666666667;0.0;0.0504;0.0;13.5
110;5.738034762545812;13.5;2014-01-05 14:00:00;111;0.0;0.574283333333333;-2.02135;2.59558333333333;0.0;0.0504;2.432817573927072;13.5
111;5.440084108055307;13.5;2014-01-05 15:00:00;112;0.0;0.612216666666667;-1.50741666666667;2.11963333333333;0.0;0.0504;0.31426601217616146;13.5
112;5.6402267542766795;13.5;2014-01-05 16:00:00;113;0.0;0.661316666666667;-0.591633333333333;1.25291666666667;0.0;0.0504;0.8614593128880399;13.5
113;6.372777806947673;13.5;2014-01-05 17:00:00;114;0.0;0.747066666666667;0.660466666666667;0.0771166666666667;1.402501052670994;0.0504;0.0771166666666667;13.5
114;9.363000522241833;13.5;2014-01-05 18:00:00;115;0.0;0.792683333333333;0.792683333333333;0.0;3.782906048627493;0.0504;0.0;13.5
115;12.502329418958167;13.5;2014-01-05 19:00:00;116;0.0;0.828783333333333;0.828783333333333;0.0;3.968112230049667;0.0504;0.0;13.5
116;7.18854577655136;13.5;2014-01-05 20:00:00;117;0.0;0.769833333333333;0.769833333333333;0.0;0.0;0.0504;0.0;13.5
117;3.9168666233836964;13.5;2014-01-05 21:00:00;118;0.0;0.9483;0.9483;0.0;0.0;0.0504;0.0;13.5
118;6.41754842975029;13.5;2014-01-05 22:00:00;119;0.0;0.757316666666667;0.757316666666667;0.0;3.2579984730332603;0.0504;0.0;13.5
119;9.40716847853644;13.5;2014-01-05 23:00:00;120;0.0;0.3129;0.3129;0.0;3.3025200487861497;0.00493;0.0;13.5
120;1.5488166045204457;13.5;2014-01-06 00:00:00;121;0.0;0.2962;0.2962;0.0;0.2962;0.00493;0.0;9.40716847853644
121;2.1809283799247323;13.5;2014-01-06 01:00:00;122;0.0;0.337483333333333;0.337483333333333;0.0;0.9695951087376197;0.00493;0.0;13.5
122;3.8215925279444107;13.5;2014-01-06 02:00:00;123;0.0;0.4104;0.4104;0.0;2.0510641480196785;0.00493;0.0;13.5
123;5.445507666567618;13.5;2014-01-06 03:00:00;124;0.0;0.414033333333333;0.414033333333333;0.0;2.03794847195654;0.00493;0.0;13.5
124;6.611165927135639;13.5;2014-01-06 04:00:00;125;0.0;0.430316666666667;0.430316666666667;0.0;1.5959749272346881;0.00493;0.0;13.5
125;7.755581026005748;13.5;2014-01-06 05:00:00;126;0.0;0.4512;0.4512;0.0;1.595615098870109;0.00493;0.0;13.5
126;8.440568844470022;13.5;2014-01-06 06:00:00;127;0.0;1.08933333333333;1.08933333333333;0.0;1.7743211517976036;0.00493;0.0;13.5
127;10.080264513520513;13.5;2014-01-06 07:00:00;128;0.0;0.764133333333333;0.7537;0.00448333333333333;2.399345669050491;0.0504;0.00448333333333333;13.5
128;7.572321842934773;13.5;2014-01-06 08:00:00;129;0.0;0.227766666666667;-0.0862;0.314;0.0;0.0504;0.0;13.5
129;7.973827088825424;13.5;2014-01-06 09:00:00;130;0.0;0.271933333333333;-0.447516666666667;0.71945;0.0;0.0504;0.6734385792239842;13.5
130;3.6741655504720927;13.5;2014-01-06 10:00:00;131;0.0;0.431066666666667;-0.665966666666667;1.09705;0.0;0.0504;0.0;13.5
131;3.918920670551678;13.5;2014-01-06 11:00:00;132;0.0;0.255483333333333;-1.1597;1.41515;0.0;0.0504;0.5002384534129185;13.5
132;7.4648762883702;13.5;2014-01-06 12:00:00;133;0.0;0.221133333333333;-1.20888333333333;1.4299;2.337188951151855;0.0504;1.4299;13.5
133;11.50916111293089;13.5;2014-01-06 13:00:00;134;0.0;0.2284;-1.71535;1.94383333333333;2.32885149122736;0.0504;1.94383333333333;13.5
134;9.732836890260687;13.5;2014-01-06 14:00:00;135;0.0;0.255433333333333;-1.63246666666667;1.88793333333333;0.0;0.0504;0.0;13.5
135;7.136396787106834;13.5;2014-01-06 15:00:00;136;0.0;0.2212;-1.16706666666667;1.38828333333333;0.0;0.0504;0.0;13.5
136;6.948825891509878;13.5;2014-01-06 16:00:00;137;0.0;0.214866666666667;-0.3321;0.54695;0.0;0.0504;0.0272957710697104;13.5
137;4.146966839907451;13.5;2014-01-06 17:00:00;138;0.0;0.2427;0.1938;0.03935;0.0;0.0504;0.0;13.5
138;3.9088050647621007;13.5;2014-01-06 18:00:00;139;0.0;0.281283333333333;0.281283333333333;0.0;0.04312155818798258;0.0504;0.0;13.5
139;3.664819730003496;13.5;2014-01-06 19:00:00;140;0.0;0.528616666666667;0.528616666666667;0.0;0.2846313319080622;0.0504;0.0;13.5
140;3.128563415403784;13.5;2014-01-06 20:00:00;141;0.0;0.9878;0.9878;0.0;0.4515436854002881;0.0504;0.0;13.5
141;4.635536777153155;13.5;2014-01-06 21:00:00;142;0.0;1.1153;1.1153;0.0;2.622273361749371;0.0504;0.0;13.5
142;6.533986786746682;13.5;2014-01-06 22:00:00;143;0.0;0.685533333333333;0.685533333333333;0.0;2.5839833429268593;0.0504;0.0;13.5
143;5.767898031064835;13.5;2014-01-06 23:00:00;144;0.0;0.248883333333333;0.248883333333333;0.0;0.0;0.00493;0.0;13.5
144;2.306299391727876;13.5;2014-01-07 00:00:00;145;0.0;0.36375;0.36375;0.0;0.36375;0.00493;0.0;5.767898031064835
145;0.5587273402230726;13.5;2014-01-07 01:00:00;146;0.0;0.344416666666667;0.344416666666667;0.0;0.0;0.00493;0.0;13.5
146;4.447550644123208;13.5;2014-01-07 02:00:00;147;0.0;0.389866666666667;0.389866666666667;0.0;4.278689970566802;0.00493;0.0;13.5
147;7.7097851599195195;13.5;2014-01-07 03:00:00;148;0.0;0.43705;0.43705;0.0;3.699284515796312;0.00493;0.0;13.5
148;9.54417427105089;13.5;2014-01-07 04:00:00;149;0.0;0.435416666666667;0.435416666666667;0.0;2.2698057777980374;0.00493;0.0;13.5
149;8.921240981298252;13.5;2014-01-07 05:00:00;150;0.0;0.4124;0.4124;0.0;0.0;0.00493;0.0;13.5
150;7.961436380614254;13.5;2014-01-07 06:00:00;151;0.0;0.906016666666667;0.906016666666667;0.0;0.0;0.00493;0.0;13.5
151;6.9780252301275665;13.5;2014-01-07 07:00:00;152;0.0;0.52835;0.510233333333333;0.0138333333333333;0.0;0.0504;0.0;13.5
152;7.335617809176682;13.5;2014-01-07 08:00:00;153;0.0;0.224583333333333;-0.294666666666667;0.519283333333333;0.06289257904911572;0.0504;0.519283333333333;13.5
153;6.58978446669636;13.5;2014-01-07 09:00:00;154;0.0;0.233216666666667;-0.814683333333333;1.04796666666667;0.0;0.0504;0.0;13.5
154;7.198738579806241;13.5;2014-01-07 10:00:00;155;0.0;0.222916666666667;-1.43385;1.65681666666667;0.0;0.0504;0.8318707797765482;13.5
155;9.628053850384527;13.5;2014-01-07 11:00:00;156;0.0;0.317166666666667;-1.91555;2.23283333333333;0.5136486039116228;0.0504;2.23283333333333;13.5
156;8.137881068638816;13.5;2014-01-07 12:00:00;157;0.0;0.263766666666667;-2.31911666666667;2.58296666666667;0.0;0.0504;0.0;13.5
157;8.73301684829879;13.5;2014-01-07 13:00:00;158;0.0;0.2346;-2.48321666666667;2.71778333333333;0.0;0.0504;0.8297357796599748;13.5
158;5.143510906389319;13.5;2014-01-07 14:00:00;159;0.0;0.216516666666667;-0.984283333333333;1.20071666666667;0.0;0.0504;0.0;13.5
159;4.486593429188389;13.5;2014-01-07 15:00:00;160;0.0;0.240533333333333;-0.483;0.723466666666667;0.0;0.0504;0.0;13.5
160;5.416088836337498;13.5;2014-01-07 16:00:00;161;0.0;0.2078;-0.0390333333333333;0.246833333333333;0.8904620738157762;0.0504;0.246833333333333;13.5
161;6.3913560339738265;13.5;2014-01-07 17:00:00;162;0.0;0.220416666666667;0.19805;0.0121833333333333;1.183500530969662;0.0504;0.0121833333333333;13.5
162;2.3941303298988266;13.5;2014-01-07 18:00:00;163;0.0;0.241233333333333;0.241233333333333;0.0;0.0;0.0504;0.0;13.5
163;11.174942156450806;13.5;2014-01-07 19:00:00;164;0.0;0.491483333333333;0.491483333333333;0.0;9.272295159885312;0.0504;0.0;13.5
164;6.640255531946828;13.5;2014-01-07 20:00:00;165;0.0;0.907133333333333;0.907133333333333;0.0;0.0;0.0504;0.0;13.5
165;4.730714316699527;13.5;2014-01-07 21:00:00;166;0.0;0.7672;0.7672;0.0;0.0;0.0504;0.0;13.5
166;7.492482921986814;13.5;2014-01-07 22:00:00;167;0.0;0.730016666666667;0.730016666666667;0.0;3.4917852719539537;0.0504;0.0;13.5
167;9.7140972191424;13.5;2014-01-07 23:00:00;168;0.0;0.371316666666667;0.371316666666667;0.0;2.592930963822254;0.00493;0.0;13.5
168;3.2713882081039287;13.5;2014-01-08 00:00:00;169;0.0;0.288883333333333;0.288883333333333;0.0;0.288883333333333;0.00493;0.0;9.7140972191424
169;5.655463631420591;13.5;2014-01-08 01:00:00;170;0.0;0.289783333333333;0.289783333333333;0.0;2.6738587566499947;0.00493;0.0;13.5
170;11.972664669284045;13.5;2014-01-08 02:00:00;171;0.0;0.347433333333333;0.347433333333333;0.0;6.6646343711967875;0.00493;0.0;13.5
171;8.53120775803516;13.5;2014-01-08 03:00:00;172;0.0;0.356966666666667;0.356966666666667;0.0;0.0;0.00493;0.0;13.5
172;8.754313091836725;13.5;2014-01-08 04:00:00;173;0.0;0.3598;0.3598;0.0;0.5829053338015645;0.00493;0.0;13.5
173;10.03533494713186;13.5;2014-01-08 05:00:00;174;0.0;0.365083333333333;0.365083333333333;0.0;1.646105188628468;0.00493;0.0;13.5
174;11.33655071140652;13.5;2014-01-08 06:00:00;175;0.0;0.553366666666667;0.553366666666667;0.0;1.8545824309413275;0.00493;0.0;13.5
175;11.822591779328254;13.5;2014-01-08 07:00:00;176;0.0;0.453966666666667;0.444366666666667;0.00381666666666667;0.9361910679217346;0.0504;0.00381666666666667;13.5
176;6.984809097995485;13.5;2014-01-08 08:00:00;177;0.0;0.285216666666667;0.226116666666667;0.0589666666666667;0.0;0.0504;0.0;13.5
177;6.733916004682652;13.5;2014-01-08 09:00:00;178;0.0;0.279533333333333;0.2263;0.05325;0.0;0.0504;0.028640240020500418;13.5
178;4.204863779292267;13.5;2014-01-08 10:00:00;179;0.0;0.397083333333333;0.126533333333333;0.2706;0.0;0.0504;0.0;13.5
179;3.789737327279246;13.5;2014-01-08 11:00:00;180;0.0;0.2683;-0.12965;0.3979;0.0;0.0504;0.0;13.5
180;3.526955615063192;13.5;2014-01-08 12:00:00;181;0.0;0.289683333333333;-0.128333333333333;0.417966666666667;0.0;0.0504;0.02690162111727895;13.5
181;0.04419063756726625;13.5;2014-01-08 13:00:00;182;0.0;0.3012;0.0061;0.295016666666667;0.0;0.0504;0.0;13.5
182;2.5013943459952785;13.5;2014-01-08 14:00:00;183;0.0;0.2584;0.0843833333333333;0.174;2.5416037084280125;0.0504;0.174;13.5
183;2.6478052401842005;13.5;2014-01-08 15:00:00;184;0.0;0.269783333333333;0.1458;0.123933333333333;0.2922608941889219;0.0504;0.123933333333333;13.5
184;3.4570360284640618;13.5;2014-01-08 16:00:00;185;0.0;0.2987;0.1882;0.110633333333333;0.9972974549465282;0.0504;0.110633333333333;13.5
185;5.238680648622686;13.5;2014-01-08 17:00:00;186;0.0;0.298616666666667;0.297216666666667;0.0;2.0802612868252908;0.0504;0.0;13.5
186;8.493146930993184;13.5;2014-01-08 18:00:00;187;0.0;0.254216666666667;0.254216666666667;0.0;3.5086829490371656;0.0504;0.0;13.5
187;4.877590529437764;13.5;2014-01-08 19:00:00;188;0.0;0.585566666666667;0.585566666666667;0.0;0.0;0.0504;0.0;13.5
188;0.8034410949266894;13.5;2014-01-08 20:00:00;189;0.0;0.720866666666667;0.720866666666667;0.0;0.0;0.0504;0.0;13.5
189;3.2099505780888626;13.5;2014-01-08 21:00:00;190;0.0;0.69415;0.69415;0.0;3.100659483162173;0.0504;0.0;13.5
190;5.720764314929561;13.5;2014-01-08 22:00:00;191;0.0;0.5445;0.5445;0.0;3.0553137368406977;0.0504;0.0;13.5
191;9.177842138025897;13.5;2014-01-08 23:00:00;192;0.0;0.236716666666667;0.236716666666667;0.0;3.693794489763003;0.00493;0.0;13.5
192;2.2248953392625186;13.5;2014-01-09 00:00:00;193;0.0;0.233916666666667;0.233916666666667;0.0;0.233916666666667;0.00493;0.0;9.177842138025897
193;2.313834162743275;13.5;2014-01-09 01:00:00;194;0.0;0.218433333333333;0.218433333333333;0.0;0.30737215681408925;0.00493;0.0;13.5
194;3.314970574199846;13.5;2014-01-09 02:00:00;195;0.0;0.318933333333333;0.318933333333333;0.0;1.3200697447899044;0.00493;0.0;13.5
195;7.347165686380466;13.5;2014-01-09 03:00:00;196;0.0;0.225433333333333;0.225433333333333;0.0;4.257628445513953;0.00493;0.0;13.5
196;11.226096280646304;13.5;2014-01-09 04:00:00;197;0.0;0.23185;0.23185;0.0;4.110780594265838;0.00493;0.0;13.5
197;8.63015226381265;13.5;2014-01-09 05:00:00;198;0.0;0.343316666666667;0.343316666666667;0.0;0.0;0.00493;0.0;13.5
198;0.3142545336680071;13.5;2014-01-09 06:00:00;199;0.0;0.707516666666667;0.707516666666667;0.0;0.0;0.00493;0.0;13.5
199;0.03198687814490886;13.5;2014-01-09 07:00:00;200;0.0;0.382383333333333;0.36405;0.0125166666666667;0.08759901114356808;0.0504;0.0125166666666667;13.5
200;2.4877359910610854;13.5;2014-01-09 08:00:00;201;0.0;0.213366666666667;0.0379166666666667;0.175483333333333;2.493632446249511;0.0504;0.175483333333333;13.5
201;5.985775049244605;13.5;2014-01-09 09:00:00;202;0.0;0.202966666666667;-0.273316666666667;0.476266666666667;3.22473905818352;0.0504;0.476266666666667;13.5
202;9.676329625818324;13.5;2014-01-09 10:00:00;203;0.0;0.2357;-0.5208;0.7564;3.1698545765737194;0.0504;0.7564;13.5
203;8.745692292599955;13.5;2014-01-09 11:00:00;204;0.0;0.2348;-0.480066666666667;0.714833333333333;0.0;0.0504;0.0;13.5
204;1.2110650333618527;13.5;2014-01-09 12:00:00;205;0.0;0.229416666666667;-0.441516666666667;0.670966666666667;0.0;0.0504;0.0;13.5
205;0.5338664339910509;13.5;2014-01-09 13:00:00;206;0.0;0.235;-0.59895;0.834;0.0;0.0504;0.0;13.5
206;2.555374449716349;13.5;2014-01-09 14:00:00;207;0.0;0.224566666666667;-1.89305;2.1176;0.12847468239196536;0.0504;2.1176;13.5
207;3.665833646004804;13.5;2014-01-09 15:00:00;208;0.0;0.242033333333333;-1.10791666666667;1.3499;0.002592529621787909;0.0504;1.3499;13.5
208;2.0746061058296044;13.5;2014-01-09 16:00:00;209;0.0;0.228466666666667;-0.0454833333333333;0.273933333333333;0.0;0.0504;0.0;13.5
209;1.5370413925465929;13.5;2014-01-09 17:00:00;210;0.0;0.243033333333333;0.19375;0.0353833333333333;0.0;0.0504;0.0;13.5
210;9.24678504603014;13.5;2014-01-09 18:00:00;211;0.0;0.2156;0.2156;0.0;7.925343653483548;0.0504;0.0;13.5
211;9.882096854624782;13.5;2014-01-09 19:00:00;212;0.0;0.444183333333333;0.444183333333333;0.0;1.0794951419279746;0.0504;0.0;13.5
212;8.903776608519896;13.5;2014-01-09 20:00:00;213;0.0;0.74705;0.74705;0.0;0.0;0.0504;0.0;13.5
213;8.14845409978064;13.5;2014-01-09 21:00:00;214;0.0;0.747416666666667;0.747416666666667;0.0;0.0;0.0504;0.0;13.5
214;7.672076346836935;13.5;2014-01-09 22:00:00;215;0.0;0.47285;0.47285;0.0;0.0;0.0504;0.0;13.5
215;5.86858755519488;13.5;2014-01-09 23:00:00;216;0.0;0.239833333333333;0.239833333333333;0.0;0.0;0.00493;0.0;13.5
216;2.902568272359557;13.5;2014-01-10 00:00:00;217;0.0;0.23505;0.23505;0.0;0.23505;0.00493;0.0;5.86858755519488
217;7.8149182549907685;13.5;2014-01-10 01:00:00;218;0.0;0.2338;0.2338;0.0;5.146149982631211;0.00493;0.0;13.5
218;11.538142723654182;13.5;2014-01-10 02:00:00;219;0.0;0.227483333333333;0.227483333333333;0.0;3.9507078019967468;0.00493;0.0;13.5
219;5.282484839666375;13.5;2014-01-10 03:00:00;220;0.0;0.226466666666667;0.226466666666667;0.0;0.0;0.00493;0.0;13.5
220;4.4178998033774795;13.5;2014-01-10 04:00:00;221;0.0;0.2125;0.2125;0.0;0.0;0.00493;0.0;13.5
221;7.053390931790761;13.5;2014-01-10 05:00:00;222;0.0;0.280433333333333;0.280433333333333;0.0;2.9159244617466147;0.00493;0.0;13.5
222;7.277481502773725;13.5;2014-01-10 06:00:00;223;0.0;0.635316666666667;0.635316666666667;0.0;0.8594072376496305;0.00493;0.0;13.5
223;2.962384798396587;13.5;2014-01-10 07:00:00;224;0.0;0.343866666666667;0.33885;0.0;0.0;0.0504;0.0;13.5
224;5.314150890134567;13.5;2014-01-10 08:00:00;225;0.0;0.225733333333333;0.152;0.0737333333333333;2.503766091737979;0.0504;0.0737333333333333;13.5
225;7.681613037325809;13.5;2014-01-10 09:00:00;226;0.0;0.223883333333333;-0.04305;0.266833333333333;2.324512147191242;0.0504;0.266833333333333;13.5
226;9.848218666675061;13.5;2014-01-10 10:00:00;227;0.0;0.204933333333333;-0.0338666666666667;0.23885;2.132688962682585;0.0504;0.23885;13.5
227;8.542221920655388;13.5;2014-01-10 11:00:00;228;0.0;0.218716666666667;-0.3977;0.616266666666667;0.0;0.0504;0.0;13.5
228;8.73199277897234;13.5;2014-01-10 12:00:00;229;0.0;0.234816666666667;-0.1972;0.432033333333333;0.0;0.0504;0.42458752498361985;13.5
229;5.2442619420433045;13.5;2014-01-10 13:00:00;230;0.0;0.235216666666667;-0.739383333333333;0.97465;0.0;0.0504;0.0;13.5
230;7.501710353110806;13.5;2014-01-10 14:00:00;231;0.0;0.241166666666667;-1.02683333333333;1.26796666666667;1.230648411067498;0.0504;1.26796666666667;13.5
231;9.40748317039711;13.5;2014-01-10 15:00:00;232;0.0;0.234766666666667;-0.351666666666667;0.586466666666667;1.5540728172863054;0.0504;0.586466666666667;13.5
232;7.486780426089153;13.5;2014-01-10 16:00:00;233;0.0;0.2088;-0.0628;0.271466666666667;0.0;0.0504;0.0;13.5
233;4.195210861815629;13.5;2014-01-10 17:00:00;234;0.0;0.21295;0.198766666666667;0.00205;0.0;0.0504;0.0;13.5
234;7.167520922074683;13.5;2014-01-10 18:00:00;235;0.0;0.23275;0.23275;0.0;3.205060060259054;0.0504;0.0;13.5
235;10.13172368067326;13.5;2014-01-10 19:00:00;236;0.0;0.26775;0.26775;0.0;3.231952758598576;0.0504;0.0;13.5
236;6.913526916464949;13.5;2014-01-10 20:00:00;237;0.0;0.30775;0.30775;0.0;0.0;0.0504;0.0;13.5
237;6.4195423625870305;13.5;2014-01-10 21:00:00;238;0.0;0.778233333333333;0.778233333333333;0.0;0.28424877945541416;0.0504;0.0;13.5
238;13.282854234057728;13.5;2014-01-10 22:00:00;239;0.0;0.578316666666667;0.578316666666667;0.0;7.441628538137365;0.0504;0.0;13.5
239;13.191065834501615;13.5;2014-01-10 23:00:00;240;0.0;0.405866666666667;0.405866666666667;0.0;0.31407826711055326;0.00493;0.0;13.5
240;7.149557095559535;13.5;2014-01-11 00:00:00;241;0.0;0.301533333333333;0.301533333333333;0.0;0.301533333333333;0.00493;0.0;13.191065834501615
241;6.0397776530658085;13.5;2014-01-11 01:00:00;242;0.0;0.30025;0.30025;0.0;0.0;0.00493;0.0;13.5
242;6.5755044017440625;13.5;2014-01-11 02:00:00;243;0.0;0.301133333333333;0.301133333333333;0.0;0.836860082011587;0.00493;0.0;13.5
243;7.149646069861678;13.5;2014-01-11 03:00:00;244;0.0;0.300683333333333;0.300683333333333;0.0;0.8748250014509484;0.00493;0.0;13.5
244;7.734434891020185;13.5;2014-01-11 04:00:00;245;0.0;0.3377;0.3377;0.0;0.922488821158507;0.00493;0.0;13.5
245;10.827517490963812;13.5;2014-01-11 05:00:00;246;0.0;0.437666666666667;0.437666666666667;0.0;3.530749266610294;0.00493;0.0;13.5
246;10.335095462250274;13.5;2014-01-11 06:00:00;247;0.0;0.28665;0.28665;0.0;0.0;0.00493;0.0;13.5
247;5.710588402651992;13.5;2014-01-11 07:00:00;248;0.0;0.367016666666667;0.354466666666667;0.00796666666666667;0.0;0.0504;0.0;13.5
248;7.6460262641055845;13.5;2014-01-11 08:00:00;249;0.0;0.23935;-0.236566666666667;0.475833333333333;1.6989545281202592;0.0504;0.475833333333333;13.5
249;10.34688989336535;13.5;2014-01-11 09:00:00;250;0.0;0.268716666666667;-0.711633333333333;0.980283333333333;1.9892969625931003;0.0504;0.980283333333333;13.5
250;7.018313248079197;13.5;2014-01-11 10:00:00;251;0.0;0.29695;-1.22533333333333;1.52231666666667;0.0;0.0504;0.0;13.5
251;4.2138703942772056;13.5;2014-01-11 11:00:00;252;0.0;0.241983333333333;-1.82745;2.06946666666667;0.0;0.0504;0.0;13.5
252;4.700307861043513;13.5;2014-01-11 12:00:00;253;0.0;0.364283333333333;-2.02293333333333;2.38728333333333;0.0;0.0504;0.8507208000996409;13.5
253;7.708325567148538;13.5;2014-01-11 13:00:00;254;0.0;0.360216666666667;-2.14446666666667;2.50466666666667;0.8635677061050218;0.0504;2.50466666666667;13.5
254;11.225076906062712;13.5;2014-01-11 14:00:00;255;0.0;0.338416666666667;-2.03503333333333;2.37346666666667;1.481701338914171;0.0504;2.37346666666667;13.5
255;9.00124610703864;13.5;2014-01-11 15:00:00;256;0.0;0.75985;-1.27603333333333;2.03586666666667;0.0;0.0504;0.0;13.5
256;9.538156535471602;13.5;2014-01-11 16:00:00;257;0.0;0.424716666666667;-0.98875;1.41341666666667;0.0;0.0504;0.9616270950996297;13.5
257;7.133704473107579;13.5;2014-01-11 17:00:00;258;0.0;0.35;-0.0187666666666667;0.3649;0.0;0.0504;0.0;13.5
258;4.798216458614614;13.5;2014-01-11 18:00:00;259;0.0;0.2283;0.2283;0.0;0.0;0.0504;0.0;13.5
259;12.042759751056101;13.5;2014-01-11 19:00:00;260;0.0;0.278333333333333;0.278333333333333;0.0;7.5228766257748205;0.0504;0.0;13.5
260;6.493142530659495;13.5;2014-01-11 20:00:00;261;0.0;0.530683333333333;0.530683333333333;0.0;0.0;0.0504;0.0;13.5
261;6.214306362091372;13.5;2014-01-11 21:00:00;262;0.0;0.62625;0.62625;0.0;0.3474138314318769;0.0504;0.0;13.5
262;5.96995985500868;13.5;2014-01-11 22:00:00;263;0.0;0.589866666666667;0.589866666666667;0.0;0.3455201595839754;0.0504;0.0;13.5
263;5.823086395349928;13.5;2014-01-11 23:00:00;264;0.0;0.325866666666667;0.325866666666667;0.0;0.17899320700791482;0.00493;0.0;13.5
264;3.516166384828082;13.5;2014-01-12 00:00:00;265;0.0;0.224166666666667;0.224166666666667;0.0;0.224166666666667;0.00493;0.0;5.823086395349928
265;5.318901399086574;13.5;2014-01-12 01:00:00;266;0.0;0.2212;0.2212;0.0;2.023935014258492;0.00493;0.0;13.5
266;9.346680209336341;13.5;2014-01-12 02:00:00;267;0.0;0.221716666666667;0.221716666666667;0.0;4.249495476916435;0.00493;0.0;13.5
267;10.941417861914966;13.5;2014-01-12 03:00:00;268;0.0;0.231433333333333;0.231433333333333;0.0;1.8261709859119573;0.00493;0.0;13.5
268;9.39228271197583;13.5;2014-01-12 04:00:00;269;0.0;0.2451;0.2451;0.0;0.0;0.00493;0.0;13.5
269;3.1466599823555548;13.5;2014-01-12 05:00:00;270;0.0;0.239833333333333;0.239833333333333;0.0;0.0;0.00493;0.0;13.5
270;4.195618580610059;13.5;2014-01-12 06:00:00;271;0.0;0.609283333333333;0.609283333333333;0.0;1.6582419315878374;0.00493;0.0;13.5
271;5.33657395517989;13.5;2014-01-12 07:00:00;272;0.0;0.522066666666667;0.5129;0.00443333333333333;1.6585887079031647;0.0504;0.00443333333333333;13.5
272;6.355093143511795;13.5;2014-01-12 08:00:00;273;0.0;0.45135;-0.0214833333333333;0.472783333333333;0.997085854998572;0.0504;0.472783333333333;13.5
273;8.014385578215618;13.5;2014-01-12 09:00:00;274;0.0;0.3226;-0.485933333333333;0.808466666666667;1.173425768037156;0.0504;0.808466666666667;13.5
274;9.810147008433322;13.5;2014-01-12 10:00:00;275;0.0;0.453383333333333;-0.580333333333333;1.03363333333333;1.2155114302177068;0.0504;1.03363333333333;13.5
275;7.72674933514159;13.5;2014-01-12 11:00:00;276;0.0;0.377116666666667;-0.518583333333333;0.895683333333333;0.0;0.0504;0.0;13.5
276;9.076927342476171;13.5;2014-01-12 12:00:00;277;0.0;0.38365;0.0653333333333333;0.318383333333333;1.4154446740012485;0.0504;0.318383333333333;13.5
277;10.324996513629898;13.5;2014-01-12 13:00:00;278;0.0;0.5882;0.377566666666667;0.21075;1.625519171153727;0.0504;0.21075;13.5
278;4.1536323467977425;13.5;2014-01-12 14:00:00;279;0.0;0.657266666666667;0.143616666666667;0.513683333333333;0.0;0.0504;0.0;13.5
279;6.199342726812618;13.5;2014-01-12 15:00:00;280;0.0;0.609033333333333;0.505983333333333;0.10305;2.5516937133482083;0.0504;0.10305;13.5
280;7.9449047918945;13.5;2014-01-12 16:00:00;281;0.0;0.882083333333333;0.805433333333333;0.0766666666666667;2.550978731748549;0.0504;0.0766666666666667;13.5
281;8.609920032881062;13.5;2014-01-12 17:00:00;282;0.0;0.474083333333333;0.45435;0.00995;1.1291485743198948;0.0504;0.00995;13.5
282;5.079740631167857;13.5;2014-01-12 18:00:00;283;0.0;0.614366666666667;0.614366666666667;0.0;0.0;0.0504;0.0;13.5
283;4.723432425473164;13.5;2014-01-12 19:00:00;284;0.0;1.01051666666667;1.01051666666667;0.0;0.6542084609719774;0.0504;0.0;13.5
284;4.555116670017646;13.5;2014-01-12 20:00:00;285;0.0;1.09426666666667;1.09426666666667;0.0;0.9259509112111517;0.0504;0.0;13.5
285;4.855776039802785;13.5;2014-01-12 21:00:00;286;0.0;0.97415;0.97415;0.0;1.2748093697851388;0.0504;0.0;13.5
286;6.472087282873085;13.5;2014-01-12 22:00:00;287;0.0;0.896083333333333;0.896083333333333;0.0;2.5123945764036333;0.0504;0.0;13.5
287;9.947152326501413;13.5;2014-01-12 23:00:00;288;0.0;0.519433333333333;0.519433333333333;0.0;3.994498376961661;0.00493;0.0;13.5
288;7.655057613252133;13.5;2014-01-13 00:00:00;289;0.0;0.244066666666667;0.244066666666667;0.0;0.244066666666667;0.00493;0.0;9.947152326501413
289;0.9776835984001985;13.5;2014-01-13 01:00:00;290;0.0;0.232883333333333;0.232883333333333;0.0;0.0;0.00493;0.0;13.5
290;3.6226456638777975;13.5;2014-01-13 02:00:00;291;0.0;0.233633333333333;0.233633333333333;0.0;2.878595398810932;0.00493;0.0;13.5
291;6.825235876547645;13.5;2014-01-13 03:00:00;292;0.0;0.233616666666667;0.233616666666667;0.0;3.4362068793365146;0.00493;0.0;13.5
292;10.030829420721584;13.5;2014-01-13 04:00:00;293;0.0;0.231883333333333;0.231883333333333;0.0;3.4374768775072724;0.00493;0.0;13.5
293;12.58676998925952;13.5;2014-01-13 05:00:00;294;0.0;0.379833333333333;0.379833333333333;0.0;2.9357739018712694;0.00493;0.0;13.5
294;5.324030822168605;13.5;2014-01-13 06:00:00;295;0.0;0.6517;0.6517;0.0;0.0;0.00493;0.0;13.5
295;7.1706360408385645;13.5;2014-01-13 07:00:00;296;0.0;0.35525;0.343633333333333;0.00651666666666667;2.195338552003293;0.0504;0.00651666666666667;13.5
296;8.292725807753335;13.5;2014-01-13 08:00:00;297;0.0;0.2214;-0.25135;0.472766666666667;0.8707231002481037;0.0504;0.472766666666667;13.5
297;6.96322896249114;13.5;2014-01-13 09:00:00;298;0.0;0.235916666666667;-0.744883333333333;0.980766666666667;0.0;0.0504;0.0;13.5
298;8.21660616282453;13.5;2014-01-13 10:00:00;299;0.0;0.243433333333333;-1.3118;1.55526666666667;0.0;0.0504;1.4968105336667223;13.5
299;8.215215021977365;13.5;2014-01-13 11:00:00;300;0.0;0.246483333333333;-1.8768;2.12321666666667;0.0;0.0504;0.24509219248616804;13.5
300;5.140792712230919;13.5;2014-01-13 12:00:00;301;0.0;0.26155;-2.22288333333333;2.48446666666667;0.0;0.0504;0.0;13.5
301;8.080972852795075;13.5;2014-01-13 13:00:00;302;0.0;0.253666666666667;-2.36325;2.61688333333333;0.5769634738974929;0.0504;2.61688333333333;13.5
302;11.00403227280553;13.5;2014-01-13 14:00:00;303;0.0;0.242766666666667;-2.26743333333333;2.51013333333333;0.655692753343792;0.0504;2.51013333333333;13.5
303;8.477662993089403;13.5;2014-01-13 15:00:00;304;0.0;0.2387;-1.92948333333333;2.16821666666667;0.0;0.0504;0.0;13.5
304;4.967421413184974;13.5;2014-01-13 16:00:00;305;0.0;0.234833333333333;-1.29253333333333;1.52736666666667;0.0;0.0504;0.0;13.5
305;3.3937296461177957;13.5;2014-01-13 17:00:00;306;0.0;0.222366666666667;-0.200483333333333;0.419983333333333;0.0;0.0504;0.0;13.5
306;5.734247868629126;13.5;2014-01-13 18:00:00;307;0.0;0.2318;0.2318;0.0;2.5723182225113304;0.0504;0.0;13.5
307;8.183406905587741;13.5;2014-01-13 19:00:00;308;0.0;0.266166666666667;0.266166666666667;0.0;2.7153257036252825;0.0504;0.0;13.5
308;10.58705556134085;13.5;2014-01-13 20:00:00;309;0.0;0.30685;0.30685;0.0;2.710498655753109;0.0504;0.0;13.5
309;3.697471658307852;13.5;2014-01-13 21:00:00;310;0.0;0.760516666666667;0.760516666666667;0.0;0.0;0.0504;0.0;13.5
310;4.105144611804975;13.5;2014-01-13 22:00:00;311;0.0;0.498583333333333;0.498583333333333;0.0;0.9062562868304558;0.0504;0.0;13.5
311;4.7887356938594055;13.5;2014-01-13 23:00:00;312;0.0;0.2343;0.2343;0.0;0.9178910820544306;0.00493;0.0;13.5
312;2.4333944126471208;13.5;2014-01-14 00:00:00;313;0.0;0.230316666666667;0.230316666666667;0.0;0.230316666666667;0.00493;0.0;4.7887356938594055
313;4.137319483463269;13.5;2014-01-14 01:00:00;314;0.0;0.227;0.227;0.0;1.9309250708161485;0.00493;0.0;13.5
314;5.2373450205711105;13.5;2014-01-14 02:00:00;315;0.0;0.218;0.218;0.0;1.3180255371078413;0.00493;0.0;13.5
315;2.6768187629771667;13.5;2014-01-14 03:00:00;316;0.0;0.21615;0.21615;0.0;0.0;0.00493;0.0;13.5
316;4.590544491252591;13.5;2014-01-14 04:00:00;317;0.0;0.3364;0.3364;0.0;2.250125728275424;0.00493;0.0;13.5
317;6.366608936773292;13.5;2014-01-14 05:00:00;318;0.0;0.5429;0.5429;0.0;2.318964445520701;0.00493;0.0;13.5
318;7.775729643823138;13.5;2014-01-14 06:00:00;319;0.0;1.14116666666667;1.14116666666667;0.0;2.550287373716516;0.00493;0.0;13.5
319;9.174185367632305;13.5;2014-01-14 07:00:00;320;0.0;1.13851666666667;1.12631666666667;0.007;2.5299723904758364;0.0504;0.007;13.5
320;4.081812342127688;13.5;2014-01-14 08:00:00;321;0.0;0.3664;-0.11915;0.485483333333333;0.0;0.0504;0.0;13.5
321;2.6750149313533975;13.5;2014-01-14 09:00:00;322;0.0;0.232;-0.7531;0.985083333333333;0.0;0.0504;0.0;13.5
322;4.442597182966237;13.5;2014-01-14 10:00:00;323;0.0;0.237283333333333;-1.30771666666667;1.54515;0.4597155849461725;0.0504;1.54515;13.5
323;6.805106848481208;13.5;2014-01-14 11:00:00;324;0.0;0.22715;-1.90693333333333;2.13406666666667;0.4555929988483012;0.0504;2.13406666666667;13.5
324;8.244269300582548;13.5;2014-01-14 12:00:00;325;0.0;0.244783333333333;-2.2398;2.48456666666667;0.0;0.0504;1.6839457854346729;13.5
325;9.195899791426223;13.5;2014-01-14 13:00:00;326;0.0;0.263566666666667;-2.3096;2.5731;0.0;0.0504;1.2151971575103417;13.5
326;10.655683170580305;13.5;2014-01-14 14:00:00;327;0.0;0.247266666666667;-2.24363333333333;2.49096666666667;0.0;0.0504;1.7070500458207492;13.5
327;10.64659949713667;13.5;2014-01-14 15:00:00;328;0.0;0.24615;-1.87505;2.1212;0.0;0.0504;0.23706632655636453;13.5
328;5.6836607428117025;13.5;2014-01-14 16:00:00;329;0.0;0.236316666666667;-1.23431666666667;1.47061666666667;0.0;0.0504;0.0;13.5
329;5.541119876401365;13.5;2014-01-14 17:00:00;330;0.0;0.211633333333333;-0.2005;0.409966666666667;0.0;0.0504;0.06909246692299542;13.5
330;8.205569346988543;13.5;2014-01-14 18:00:00;331;0.0;0.227666666666667;0.227666666666667;0.0;2.8921161372538453;0.0504;0.0;13.5
331;3.8193185851978453;13.5;2014-01-14 19:00:00;332;0.0;0.343633333333333;0.343633333333333;0.0;0.0;0.0504;0.0;13.5
332;5.0322322877422145;13.5;2014-01-14 20:00:00;333;0.0;0.735933333333333;0.735933333333333;0.0;1.9488470358777024;0.0504;0.0;13.5
333;6.351079446540303;13.5;2014-01-14 21:00:00;334;0.0;0.6972;0.6972;0.0;2.0160471587980884;0.0504;0.0;13.5
334;6.7414978536023815;13.5;2014-01-14 22:00:00;335;0.0;0.397033333333333;0.397033333333333;0.0;0.7874517403954117;0.0504;0.0;13.5
335;4.765496223129468;13.5;2014-01-14 23:00:00;336;0.0;0.231366666666667;0.231366666666667;0.0;0.0;0.00493;0.0;13.5
336;3.285179677025264;13.5;2014-01-15 00:00:00;337;0.0;0.230883333333333;0.230883333333333;0.0;0.230883333333333;0.00493;0.0;4.765496223129468
337;4.304872112334392;13.5;2014-01-15 01:00:00;338;0.0;0.2245;0.2245;0.0;1.2441924353091278;0.00493;0.0;13.5
338;3.754686892549108;13.5;2014-01-15 02:00:00;339;0.0;0.215483333333333;0.215483333333333;0.0;0.0;0.00493;0.0;13.5
339;8.96161514918193;13.5;2014-01-15 03:00:00;340;0.0;0.217933333333333;0.217933333333333;0.0;5.424861589966154;0.00493;0.0;13.5
340;1.833559560599907;13.5;2014-01-15 04:00:00;341;0.0;0.229866666666667;0.229866666666667;0.0;0.0;0.00493;0.0;13.5
341;6.130073620364516;13.5;2014-01-15 05:00:00;342;0.0;0.356666666666667;0.356666666666667;0.0;4.653180726431276;0.00493;0.0;13.5
342;10.851798765457984;13.5;2014-01-15 06:00:00;343;0.0;0.7153;0.7153;0.0;5.437025145093468;0.00493;0.0;13.5
343;7.71072737682886;13.5;2014-01-15 07:00:00;344;0.0;0.455716666666667;0.443716666666667;0.00698333333333333;0.0;0.0504;0.0;13.5
344;5.857290026867976;13.5;2014-01-15 08:00:00;345;0.0;0.220583333333333;-0.261966666666667;0.482533333333333;0.0;0.0504;0.0;13.5
345;7.770892413173429;13.5;2014-01-15 09:00:00;346;0.0;0.210683333333333;-0.787016666666667;0.99765;1.1266357196387853;0.0504;0.99765;13.5
346;10.21697128548497;13.5;2014-01-15 10:00:00;347;0.0;0.249766666666667;-1.31841666666667;1.56806666666667;1.127778872311538;0.0504;1.56806666666667;13.5
347;5.219698229623107;13.5;2014-01-15 11:00:00;348;0.0;0.245033333333333;-1.87705;2.122;0.0;0.0504;0.0;13.5
348;7.1980582751589886;13.5;2014-01-15 12:00:00;349;0.0;0.247733333333333;-2.22668333333333;2.47441666666667;0.0;0.0504;2.2260933788692143;13.5
349;2.4986737298706387;13.5;2014-01-15 13:00:00;350;0.0;0.23175;-2.35785;2.58961666666667;0.0;0.0504;0.0;13.5
350;4.530561532660994;13.5;2014-01-15 14:00:00;351;0.0;0.241416666666667;-2.2312;2.47258333333333;0.0;0.0504;2.273304469457022;13.5
351;1.6701624014460432;13.5;2014-01-15 15:00:00;352;0.0;0.247766666666667;-1.87731666666667;2.125;0.0;0.0504;0.0;13.5
352;4.563815792228268;13.5;2014-01-15 16:00:00;353;0.0;0.2342;-1.25078333333333;1.48503333333333;1.6428200574488947;0.0504;1.48503333333333;13.5
353;7.360689043799118;13.5;2014-01-15 17:00:00;354;0.0;0.231016666666667;-0.199316666666667;0.427933333333333;2.5999565849041844;0.0504;0.427933333333333;13.5
354;9.748132436223026;13.5;2014-01-15 18:00:00;355;0.0;0.213566666666667;0.213566666666667;0.0;2.6010100590905747;0.0504;0.0;13.5
355;11.156710577110074;13.5;2014-01-15 19:00:00;356;0.0;0.512666666666667;0.512666666666667;0.0;1.9212448075537152;0.0504;0.0;13.5
356;5.555874610074884;13.5;2014-01-15 20:00:00;357;0.0;0.302766666666667;0.302766666666667;0.0;0.0;0.0504;0.0;13.5
357;5.295414974778446;13.5;2014-01-15 21:00:00;358;0.0;0.92665;0.92665;0.0;0.6661903647035614;0.0504;0.0;13.5
358;6.327627188000768;13.5;2014-01-15 22:00:00;359;0.0;0.7129;0.7129;0.0;1.7451122132223227;0.0504;0.0;13.5
359;7.728385264050042;13.5;2014-01-15 23:00:00;360;0.0;0.351583333333333;0.351583333333333;0.0;1.7523414093826064;0.00493;0.0;13.5
360;3.8887980113743232;13.5;2014-01-16 00:00:00;361;0.0;0.2229;0.2229;0.0;0.2229;0.00493;0.0;7.728385264050042
361;6.191328129009618;13.5;2014-01-16 01:00:00;362;0.0;0.21125;0.21125;0.0;2.5137801176352945;0.00493;0.0;13.5
362;8.792118264289073;13.5;2014-01-16 02:00:00;363;0.0;0.23005;0.23005;0.0;2.830840135279455;0.00493;0.0;13.5
363;11.021212194149381;13.5;2014-01-16 03:00:00;364;0.0;0.350683333333333;0.350683333333333;0.0;2.5797772631936415;0.00493;0.0;13.5
364;8.92327198225177;13.5;2014-01-16 04:00:00;365;0.0;0.2809;0.2809;0.0;0.0;0.00493;0.0;13.5
365;6.147566999063424;13.5;2014-01-16 05:00:00;366;0.0;0.492;0.492;0.0;0.0;0.00493;0.0;13.5
366;3.330782028165014;13.5;2014-01-16 06:00:00;367;0.0;0.692683333333333;0.692683333333333;0.0;0.0;0.00493;0.0;13.5
367;5.142574634260385;13.5;2014-01-16 07:00:00;368;0.0;0.410516666666667;0.398166666666667;0.00758333333333333;2.214725939428705;0.0504;0.00758333333333333;13.5
368;7.660003507448901;13.5;2014-01-16 08:00:00;369;0.0;0.232416666666667;-0.235083333333333;0.46745;2.282395539855183;0.0504;0.46745;13.5
369;7.6283999324015905;13.5;2014-01-16 09:00:00;370;0.0;0.238083333333333;-0.741066666666667;0.979133333333333;0.0;0.0504;0.2064797582860223;13.5
370;6.6422177792347465;13.5;2014-01-16 10:00:00;371;0.0;0.233016666666667;-1.32385;1.55691666666667;0.0;0.0504;0.0;13.5
371;7.364261614046189;13.5;2014-01-16 11:00:00;372;0.0;0.23245;-1.89868333333333;2.13103333333333;0.0;0.0504;0.9544938348114425;13.5
372;5.871478742494328;13.5;2014-01-16 12:00:00;373;0.0;0.246816666666667;-2.21401666666667;2.46085;0.0;0.0504;0.0;13.5
373;12.640022841312373;13.5;2014-01-16 13:00:00;374;0.0;0.269933333333333;-2.28135;2.55133333333333;4.487144098818048;0.0504;2.55133333333333;13.5
374;7.513171875590102;13.5;2014-01-16 14:00:00;375;0.0;0.246966666666667;-2.16016666666667;2.40716666666667;0.0;0.0504;0.0;13.5
375;8.049409621753597;13.5;2014-01-16 15:00:00;376;0.0;0.2372;-1.79686666666667;2.03406666666667;0.0;0.0504;0.7734377461634953;13.5
376;6.153823684393591;13.5;2014-01-16 16:00:00;377;0.0;0.218433333333333;-1.19438333333333;1.41275;0.0;0.0504;0.0;13.5
377;8.630335103396732;13.5;2014-01-16 17:00:00;378;0.0;0.220966666666667;-0.178616666666667;0.3974;2.300078085669808;0.0504;0.3974;13.5
378;10.326936818469619;13.5;2014-01-16 18:00:00;379;0.0;0.249;0.249;0.0;1.9456017150728875;0.0504;0.0;13.5
379;9.040182777972083;13.5;2014-01-16 19:00:00;380;0.0;0.387883333333333;0.387883333333333;0.0;0.0;0.0504;0.0;13.5
380;8.687804151040774;13.5;2014-01-16 20:00:00;381;0.0;0.2974;0.2974;0.0;0.0;0.0504;0.0;13.5
381;8.852214325154712;13.5;2014-01-16 21:00:00;382;0.0;0.79135;0.79135;0.0;0.9557601741139377;0.0504;0.0;13.5
382;9.282142636885927;13.5;2014-01-16 22:00:00;383;0.0;0.562266666666667;0.562266666666667;0.0;0.9921949783978824;0.0504;0.0;13.5
383;9.883996746600477;13.5;2014-01-16 23:00:00;384;0.0;0.422983333333333;0.422983333333333;0.0;1.0248374430478828;0.00493;0.0;13.5
384;3.007921722708603;13.5;2014-01-17 00:00:00;385;0.0;0.21505;0.21505;0.0;0.21505;0.00493;0.0;9.883996746600477
385;3.201379284837874;13.5;2014-01-17 01:00:00;386;0.0;0.2304;0.2304;0.0;0.4238575621292711;0.00493;0.0;13.5
386;5.00523957993042;13.5;2014-01-17 02:00:00;387;0.0;0.233966666666667;0.233966666666667;0.0;2.0378269617592126;0.00493;0.0;13.5
387;6.2717188917666835;13.5;2014-01-17 03:00:00;388;0.0;0.235583333333333;0.235583333333333;0.0;1.5020626451695969;0.00493;0.0;13.5
388;2.221628120773707;13.5;2014-01-17 04:00:00;389;0.0;0.220366666666667;0.220366666666667;0.0;0.0;0.00493;0.0;13.5
389;5.984578837438586;13.5;2014-01-17 05:00:00;390;0.0;0.425416666666667;0.425416666666667;0.0;4.188367383331546;0.00493;0.0;13.5
390;9.625941001466455;13.5;2014-01-17 06:00:00;391;0.0;0.556116666666667;0.556116666666667;0.0;4.197478830694536;0.00493;0.0;13.5
391;4.846263177849281;13.5;2014-01-17 07:00:00;392;0.0;0.71845;0.698883333333333;0.0146833333333333;0.0;0.0504;0.0;13.5
392;3.7225137297973556;13.5;2014-01-17 08:00:00;393;0.0;0.414133333333333;0.00701666666666667;0.407166666666667;0.0;0.0504;0.0;13.5
393;6.898606355583286;13.5;2014-01-17 09:00:00;394;0.0;0.3336;-0.59795;0.931483333333333;2.578209292452598;0.0504;0.931483333333333;13.5
394;6.643549636141094;13.5;2014-01-17 10:00:00;395;0.0;0.239;-1.27586666666667;1.51491666666667;0.0;0.0504;0.0;13.5
395;8.430342375585866;13.5;2014-01-17 11:00:00;396;0.0;0.2313;-1.8163;2.04763333333333;0.0;0.0504;2.0180927394447723;13.5
396;7.253335920767262;13.5;2014-01-17 12:00:00;397;0.0;0.253316666666667;-2.1099;2.3631;0.0;0.0504;0.0;13.5
397;4.379236787075059;13.5;2014-01-17 13:00:00;398;0.0;0.253366666666667;-2.24163333333333;2.49501666666667;0.0;0.0504;0.0;13.5
398;9.11978911274758;13.5;2014-01-17 14:00:00;399;0.0;0.246316666666667;-2.13998333333333;2.38623333333333;2.600635659005857;0.0504;2.38623333333333;13.5
399;6.927869235738318;13.5;2014-01-17 15:00:00;400;0.0;0.25975;-1.7511;2.01091666666667;0.0;0.0504;0.0;13.5
400;8.653844337223065;13.5;2014-01-17 16:00:00;401;0.0;0.46815;-0.864733333333333;1.33296666666667;0.861158434818077;0.0504;1.33296666666667;13.5
401;9.445342606870824;13.5;2014-01-17 17:00:00;402;0.0;0.603183333333333;0.304416666666667;0.296233333333333;1.098448269647759;0.0504;0.296233333333333;13.5
402;10.130372557146057;13.5;2014-01-17 18:00:00;403;0.0;0.467616666666667;0.467616666666667;0.0;1.1526466169418998;0.0504;0.0;13.5
403;10.735366064442674;13.5;2014-01-17 19:00:00;404;0.0;0.54905;0.54905;0.0;1.1540435072966175;0.0504;0.0;13.5
404;7.6533124689712695;13.5;2014-01-17 20:00:00;405;0.0;0.844983333333333;0.844983333333333;0.0;0.0;0.0504;0.0;13.5
405;9.017807641020775;13.5;2014-01-17 21:00:00;406;0.0;0.709933333333333;0.709933333333333;0.0;2.074428505382839;0.0504;0.0;13.5
406;5.444875565062219;13.5;2014-01-17 22:00:00;407;0.0;0.801483333333333;0.801483333333333;0.0;0.0;0.0504;0.0;13.5
407;5.312147852195658;13.5;2014-01-17 23:00:00;408;0.0;0.651466666666667;0.651466666666667;0.0;0.5187389538001065;0.00493;0.0;13.5
408;3.4291175948653496;13.5;2014-01-18 00:00:00;409;0.0;0.48045;0.48045;0.0;0.48045;0.00493;0.0;5.312147852195658
409;2.645820654471241;13.5;2014-01-18 01:00:00;410;0.0;0.227166666666667;0.227166666666667;0.0;0.0;0.00493;0.0;13.5
410;2.6004457143368533;13.5;2014-01-18 02:00:00;411;0.0;0.23265;0.23265;0.0;0.18727505986561252;0.00493;0.0;13.5
411;6.040195847987019;13.5;2014-01-18 03:00:00;412;0.0;0.350066666666667;0.350066666666667;0.0;3.789816800316833;0.00493;0.0;13.5
412;9.608157789999195;13.5;2014-01-18 04:00:00;413;0.0;0.226916666666667;0.226916666666667;0.0;3.794878608678843;0.00493;0.0;13.5
413;12.951384452237487;13.5;2014-01-18 05:00:00;414;0.0;0.323216666666667;0.323216666666667;0.0;3.6664433289049594;0.00493;0.0;13.5
414;4.633353505698208;13.5;2014-01-18 06:00:00;415;0.0;0.61005;0.61005;0.0;0.0;0.00493;0.0;13.5
415;5.958842111057661;13.5;2014-01-18 07:00:00;416;0.0;0.521366666666667;0.504366666666667;0.0119833333333333;1.834871938692786;0.0504;0.0119833333333333;13.5
416;7.799627415815379;13.5;2014-01-18 08:00:00;417;0.0;0.443066666666667;-0.00468333333333333;0.44775;1.8361019714243851;0.0504;0.44775;13.5
417;6.906120085894239;13.5;2014-01-18 09:00:00;418;0.0;0.434183333333333;-0.505566666666667;0.9398;0.0;0.0504;0.0;13.5
418;5.106644742687597;13.5;2014-01-18 10:00:00;419;0.0;0.235833333333333;-1.26255;1.49826666666667;0.0;0.0504;0.0;13.5
419;0.052659744810194746;13.5;2014-01-18 11:00:00;420;0.0;0.2361;-1.81813333333333;2.05423333333333;0.0;0.0504;0.0;13.5
420;1.9176014356553066;13.5;2014-01-18 12:00:00;421;0.0;0.249083333333333;-2.1693;2.41841666666667;0.0;0.0504;2.114025024178445;13.5
421;3.4571205797852538;13.5;2014-01-18 13:00:00;422;0.0;0.2633;-2.28556666666667;2.54895;0.0;0.0504;1.802819144129947;13.5
422;4.827485938105563;13.5;2014-01-18 14:00:00;423;0.0;0.241483333333333;-2.18585;2.4273;0.0;0.0504;1.6118486916536425;13.5
423;7.666937965431888;13.5;2014-01-18 15:00:00;424;0.0;0.225183333333333;-1.82488333333333;2.04998333333333;1.0146520273263278;0.0504;2.04998333333333;13.5
424;9.808378418495383;13.5;2014-01-18 16:00:00;425;0.0;0.244966666666667;-1.12601666666667;1.37096666666667;1.0154404530634924;0.0504;1.37096666666667;13.5
425;7.7802697329429655;13.5;2014-01-18 17:00:00;426;0.0;0.22945;-0.142466666666667;0.37015;0.0;0.0504;0.0;13.5
426;5.595173447629404;13.5;2014-01-18 18:00:00;427;0.0;0.654333333333333;0.654333333333333;0.0;0.0;0.0504;0.0;13.5
427;8.830803970989326;13.5;2014-01-18 19:00:00;428;0.0;0.7631;0.7631;0.0;3.998730523359922;0.0504;0.0;13.5
428;12.135462079276985;13.5;2014-01-18 20:00:00;429;0.0;0.737533333333333;0.737533333333333;0.0;4.042191441620993;0.0504;0.0;13.5
429;10.532290145451134;13.5;2014-01-18 21:00:00;430;0.0;0.80435;0.80435;0.0;0.0;0.0504;0.0;13.5
430;0.758710053005509;13.5;2014-01-18 22:00:00;431;0.0;0.799816666666667;0.799816666666667;0.0;0.0;0.0504;0.0;13.5
431;1.8402695821158583;13.5;2014-01-18 23:00:00;432;0.0;0.4401;0.4401;0.0;1.5216595291103492;0.00493;0.0;13.5
432;1.276155781146091;13.5;2014-01-19 00:00:00;433;0.0;0.228333333333333;0.228333333333333;0.0;0.228333333333333;0.00493;0.0;1.8402695821158583
433;1.2587759448486624;13.5;2014-01-19 01:00:00;434;0.0;0.236716666666667;0.236716666666667;0.0;0.21933683036923832;0.00493;0.0;13.5
434;2.0017215349814674;13.5;2014-01-19 02:00:00;435;0.0;0.227583333333333;0.227583333333333;0.0;0.9705289234661381;0.00493;0.0;13.5
435;4.660516317402408;13.5;2014-01-19 03:00:00;436;0.0;0.236566666666667;0.236566666666667;0.0;2.8953614490876074;0.00493;0.0;13.5
436;6.771173144901999;13.5;2014-01-19 04:00:00;437;0.0;0.254516666666667;0.254516666666667;0.0;2.365173494166258;0.00493;0.0;13.5
437;7.554886759129852;13.5;2014-01-19 05:00:00;438;0.0;0.367966666666667;0.367966666666667;0.0;1.1516802808945201;0.00493;0.0;13.5
438;7.6817278160673546;13.5;2014-01-19 06:00:00;439;0.0;0.611416666666667;0.611416666666667;0.0;0.7382577236041695;0.00493;0.0;13.5
439;6.901170867311939;13.5;2014-01-19 07:00:00;440;0.0;0.24475;0.225266666666667;0.0151833333333333;0.0;0.0504;0.0;13.5
440;3.938092435796657;13.5;2014-01-19 08:00:00;441;0.0;0.24575;-0.209366666666667;0.455083333333333;0.0;0.0504;0.0;13.5
441;3.4822996763642085;13.5;2014-01-19 09:00:00;442;0.0;0.241733333333333;-0.71715;0.9588;0.0;0.0504;0.0;13.5
442;1.9730687502659365;13.5;2014-01-19 10:00:00;443;0.0;0.257916666666667;-1.25723333333333;1.51516666666667;0.0;0.0504;0.0;13.5
443;3.2430309518580263;13.5;2014-01-19 11:00:00;444;0.0;0.811683333333333;-1.24068333333333;2.0524;0.02924553492542259;0.0504;2.0524;13.5
444;5.239252105109941;13.5;2014-01-19 12:00:00;445;0.0;0.45595;-1.93376666666667;2.38978333333333;0.062387819918584775;0.0504;2.38978333333333;13.5
445;3.7295707055810197;13.5;2014-01-19 13:00:00;446;0.0;0.3962;-2.10731666666667;2.50346666666667;0.0;0.0504;0.0;13.5
446;3.4505684172552016;13.5;2014-01-19 14:00:00;447;0.0;0.392066666666667;-1.99676666666667;2.38878333333333;0.0;0.0504;0.11306437834084893;13.5
447;6.886931897184548;13.5;2014-01-19 15:00:00;448;0.0;0.4042;-1.65883333333333;2.06306666666667;1.777496813262676;0.0504;2.06306666666667;13.5
448;9.64205278934546;13.5;2014-01-19 16:00:00;449;0.0;0.47295;-0.936166666666667;1.40918333333333;1.8188875588275821;0.0504;1.40918333333333;13.5
449;3.8403358980371896;13.5;2014-01-19 17:00:00;450;0.0;0.677966666666667;0.3141;0.36095;0.0;0.0504;0.0;13.5
450;3.4320763632284876;13.5;2014-01-19 18:00:00;451;0.0;0.582866666666667;0.582866666666667;0.0;0.17460713185796506;0.0504;0.0;13.5
451;5.9901923953371385;13.5;2014-01-19 19:00:00;452;0.0;0.4972;0.4972;0.0;3.0553160321086508;0.0504;0.0;13.5
452;5.405196867510725;13.5;2014-01-19 20:00:00;453;0.0;0.675833333333333;0.675833333333333;0.0;0.09083780550691911;0.0504;0.0;13.5
453;3.8113669724786026;13.5;2014-01-19 21:00:00;454;0.0;0.643416666666667;0.643416666666667;0.0;0.0;0.0504;0.0;13.5
454;4.379736090654785;13.5;2014-01-19 22:00:00;455;0.0;0.5152;0.5152;0.0;1.0835691181761828;0.0504;0.0;13.5
455;6.19727467558598;13.5;2014-01-19 23:00:00;456;0.0;0.26375;0.26375;0.0;2.081288584931195;0.00493;0.0;13.5
456;0.0;13.5;2014-01-20 00:00:00;457;0.0;0.268516666666667;0.268516666666667;0.0;0.0;0.00493;0.0;0.0
457;0.0;13.5;2014-01-20 01:00:00;458;0.0;0.370066666666667;0.370066666666667;0.0;0.0;0.00493;0.0;0.0
458;0.0;13.5;2014-01-20 02:00:00;459;0.0;0.2348;0.2348;0.0;0.0;0.00493;0.0;0.0
459;0.0;13.5;2014-01-20 03:00:00;460;0.0;0.216716666666667;0.216716666666667;0.0;0.0;0.00493;0.0;0.0
460;0.0;13.5;2014-01-20 04:00:00;461;0.0;0.2275;0.2275;0.0;0.0;0.00493;0.0;0.0
461;0.0;13.5;2014-01-20 05:00:00;462;0.0;0.519383333333333;0.519383333333333;0.0;0.0;0.00493;0.0;0.0
462;0.0;13.5;2014-01-20 06:00:00;463;0.0;0.3968;0.3968;0.0;0.0;0.00493;0.0;0.0
463;0.0;13.5;2014-01-20 07:00:00;464;0.0;0.402066666666667;0.378766666666667;0.0192;0.0;0.0504;0.0;0.0
464;0.0;13.5;2014-01-20 08:00:00;465;0.0;0.21055;-0.194833333333333;0.405266666666667;0.0;0.0504;0.0;0.0
465;0.0;13.5;2014-01-20 09:00:00;466;0.0;0.213133333333333;-0.721383333333333;0.934533333333333;0.0;0.0504;0.0;0.0
466;0.0;13.5;2014-01-20 10:00:00;467;0.0;0.201883333333333;-1.28636666666667;1.48821666666667;0.0;0.0504;0.0;0.0
467;0.0;13.5;2014-01-20 11:00:00;468;0.0;0.222633333333333;-1.82205;2.04466666666667;0.0;0.0504;0.0;0.0
468;0.0;13.5;2014-01-20 12:00:00;469;0.0;0.226733333333333;-2.16706666666667;2.39373333333333;0.0;0.0504;0.0;0.0
469;0.0;13.5;2014-01-20 13:00:00;470;0.0;0.2356;-2.27233333333333;2.50791666666667;0.0;0.0504;0.0;0.0
470;0.0;13.5;2014-01-20 14:00:00;471;0.0;0.23205;-2.12456666666667;2.3567;0.0;0.0504;0.0;0.0
471;0.0;13.5;2014-01-20 15:00:00;472;0.0;0.208166666666667;-1.77916666666667;1.9873;0.0;0.0504;0.0;0.0
472;0.0;13.5;2014-01-20 16:00:00;473;0.0;0.214683333333333;-1.20511666666667;1.41975;0.0;0.0504;0.0;0.0
473;0.0;13.5;2014-01-20 17:00:00;474;0.0;0.206183333333333;-0.249033333333333;0.454333333333333;0.0;0.0504;0.0;0.0
474;0.0;13.5;2014-01-20 18:00:00;475;0.0;0.213;0.213;0.0;0.0;0.0504;0.0;0.0
475;0.0;13.5;2014-01-20 19:00:00;476;0.0;0.314833333333333;0.314833333333333;0.0;0.0;0.0504;0.0;0.0
476;0.0;13.5;2014-01-20 20:00:00;477;0.0;0.705483333333333;0.705483333333333;0.0;0.0;0.0504;0.0;0.0
477;0.0;13.5;2014-01-20 21:00:00;478;0.0;0.790933333333333;0.790933333333333;0.0;0.0;0.0504;0.0;0.0
478;0.0;13.5;2014-01-20 22:00:00;479;0.0;0.750116666666667;0.750116666666667;0.0;0.0;0.0504;0.0;0.0
479;0.0;13.5;2014-01-20 23:00:00;480;0.0;0.319116666666667;0.319116666666667;0.0;0.0;0.00493;0.0;0.0
